Authority,Measure,Period,Count
E09000001,Computers and devices in service,2023/2024,54
E08000016,Computers and devices in service,2023/2024,102
E06000022,Computers and devices in service,2023/2024,39
E06000022,Devices available to borrow,2023/2024,4
E06000022,Issues of loanable devices,2023/2024,19
E06000008,Computers and devices in service,2023/2024,87
E06000009,Computers and devices in service,2023/2024,70
E06000009,Devices available to borrow,2023/2024,108
E06000009,Issues of loanable devices,2023/2024,44
E08000001,Computers and devices in service,2023/2024,123
E08000001,Devices available to borrow,2023/2024,125
E08000001,Issues of loanable devices,2023/2024,71
E06000058,Computers and devices in service,2023/2024,182
E06000036,Computers and devices in service,2023/2024,126
E06000036,Devices available to borrow,2023/2024,70
E06000036,Issues of loanable devices,2023/2024,40
E08000032,Computers and devices in service,2023/2024,146
E09000005,Computers and devices in service,2023/2024,136
E06000023,Computers and devices in service,2023/2024,229
E09000006,Computers and devices in service,2023/2024,147
E06000060,Computers and devices in service,2023/2024,221
E06000060,Issues of loanable devices,2023/2024,3273
E08000002,Computers and devices in service,2023/2024,69
E08000033,Computers and devices in service,2023/2024,105
E10000003,Computers and devices in service,2023/2024,273
E10000003,Devices available to borrow,2023/2024,79
E10000003,Issues of loanable devices,2023/2024,767
E06000056,Computers and devices in service,2023/2024,137
E06000050,Computers and devices in service,2023/2024,89
E06000050,Devices available to borrow,2023/2024,57
E06000050,Issues of loanable devices,2023/2024,136
E06000052,Computers and devices in service,2023/2024,110
E08000026,Computers and devices in service,2023/2024,200
E06000005,Computers and devices in service,2023/2024,18
E10000007,Computers and devices in service,2023/2024,250
E08000017,Computers and devices in service,2023/2024,218
E06000059,Computers and devices in service,2023/2024,166
E06000059,Devices available to borrow,2023/2024,30
E06000059,Issues of loanable devices,2023/2024,70
E08000027,Computers and devices in service,2023/2024,168
E06000011,Computers and devices in service,2023/2024,149
E10000011,Computers and devices in service,2023/2024,255
E06000014,Computers and devices in service,2023/2024,86
E08000037,Computers and devices in service,2023/2024,98
E09000011,Computers and devices in service,2023/2024,210
E09000011,Devices available to borrow,2023/2024,10
E09000011,Issues of loanable devices,2023/2024,50
E09000012,Computers and devices in service,2023/2024,196
E06000006,Computers and devices in service,2023/2024,53
E06000006,Devices available to borrow,2023/2024,8
E06000006,Issues of loanable devices,2023/2024,5
E09000013,Computers and devices in service,2023/2024,120
E10000014,Computers and devices in service,2023/2024,202
E09000014,Computers and devices in service,2023/2024,165
E09000015,Computers and devices in service,2023/2024,52
E06000001,Computers and devices in service,2023/2024,45
E06000019,Computers and devices in service,2023/2024,31
E10000015,Computers and devices in service,2023/2024,453
E06000010,Computers and devices in service,2023/2024,175
E06000046,Computers and devices in service,2023/2024,49
E09000019,Computers and devices in service,2023/2024,123
E09000020,Computers and devices in service,2023/2024,102
E09000020,Devices available to borrow,2023/2024,24
E09000020,Issues of loanable devices,2023/2024,1503
E10000016,Computers and devices in service,2023/2024,488
E09000021,Computers and devices in service,2023/2024,42
E08000034,Computers and devices in service,2023/2024,192
E08000011,Computers and devices in service,2023/2024,44
E10000017,Computers and devices in service,2023/2024,585
E06000016,Computers and devices in service,2023/2024,170
E06000016,Devices available to borrow,2023/2024,60
E06000016,Issues of loanable devices,2023/2024,41
E10000018,Computers and devices in service,2023/2024,267
E09000023,Computers and devices in service,2023/2024,96
E10000019,Computers and devices in service,2023/2024,191
E10000019,Devices available to borrow,2023/2024,6
E10000019,Issues of loanable devices,2023/2024,232
E09000002,Computers and devices in service,2023/2024,98
E09000003,Computers and devices in service,2023/2024,140
E09000007,Computers and devices in service,2023/2024,252
E09000009,Computers and devices in service,2023/2024,188
E09000017,Computers and devices in service,2023/2024,171
E09000018,Computers and devices in service,2023/2024,137
E09000027,Computers and devices in service,2023/2024,105
E09000027,Devices available to borrow,2023/2024,9
E09000027,Issues of loanable devices,2023/2024,518
E09000029,Computers and devices in service,2023/2024,87
E06000032,Computers and devices in service,2023/2024,50
E08000003,Computers and devices in service,2023/2024,508
E08000003,Devices available to borrow,2023/2024,221
E08000003,Issues of loanable devices,2023/2024,58
E09000024,Computers and devices in service,2023/2024,169
E09000024,Devices available to borrow,2023/2024,175
E09000024,Issues of loanable devices,2023/2024,1032
E06000002,Computers and devices in service,2023/2024,50
E08000021,Computers and devices in service,2023/2024,238
E08000021,Devices available to borrow,2023/2024,6
E08000021,Issues of loanable devices,2023/2024,37
E09000025,Computers and devices in service,2023/2024,191
E10000020,Computers and devices in service,2023/2024,529
E10000020,Devices available to borrow,2023/2024,200
E10000020,Issues of loanable devices,2023/2024,871
E06000012,Computers and devices in service,2023/2024,24
E06000013,Computers and devices in service,2023/2024,39
E06000024,Computers and devices in service,2023/2024,86
E08000022,Computers and devices in service,2023/2024,130
E06000065,Computers and devices in service,2023/2024,322
E06000057,Computers and devices in service,2023/2024,113
E06000018,Computers and devices in service,2023/2024,158
E10000024,Computers and devices in service,2023/2024,282
E08000004,Computers and devices in service,2023/2024,246
E08000004,Devices available to borrow,2023/2024,167
E08000004,Issues of loanable devices,2023/2024,157
E10000025,Computers and devices in service,2023/2024,287
E06000031,Computers and devices in service,2023/2024,84
E06000044,Computers and devices in service,2023/2024,114
E06000038,Computers and devices in service,2023/2024,55
E06000038,Devices available to borrow,2023/2024,18
E06000038,Issues of loanable devices,2023/2024,79
E08000005,Computers and devices in service,2023/2024,206
E08000005,Devices available to borrow,2023/2024,200
E08000005,Issues of loanable devices,2023/2024,336
E08000018,Computers and devices in service,2023/2024,112
E06000040,Computers and devices in service,2023/2024,130
E06000017,Computers and devices in service,2023/2024,24
E08000006,Computers and devices in service,2023/2024,198
E08000028,Computers and devices in service,2023/2024,130
E08000014,Computers and devices in service,2023/2024,84
E08000014,Devices available to borrow,2023/2024,25
E08000014,Issues of loanable devices,2023/2024,197
E08000019,Computers and devices in service,2023/2024,210
E06000051,Computers and devices in service,2023/2024,95
E08000029,Computers and devices in service,2023/2024,105
E06000066,Computers and devices in service,2023/2024,138
E06000066,Devices available to borrow,2023/2024,138
E06000066,Issues of loanable devices,2023/2024,7425
E06000025,Computers and devices in service,2023/2024,122
E08000023,Computers and devices in service,2023/2024,105
E09000028,Computers and devices in service,2023/2024,180
E08000013,Computers and devices in service,2023/2024,45
E10000028,Computers and devices in service,2023/2024,364
E08000007,Computers and devices in service,2023/2024,108
E06000004,Computers and devices in service,2023/2024,89
E06000021,Computers and devices in service,2023/2024,88
E10000029,Computers and devices in service,2023/2024,370
E10000030,Computers and devices in service,2023/2024,359
E10000030,Devices available to borrow,2023/2024,60
E10000030,Issues of loanable devices,2023/2024,137
E06000030,Computers and devices in service,2023/2024,66
E08000008,Computers and devices in service,2023/2024,108
E06000020,Computers and devices in service,2023/2024,66
E06000020,Devices available to borrow,2023/2024,48
E06000020,Issues of loanable devices,2023/2024,176
E06000034,Computers and devices in service,2023/2024,76
E09000030,Computers and devices in service,2023/2024,119
E09000026,Computers and devices in service,2023/2024,263
E09000026,Devices available to borrow,2023/2024,191
E09000026,Issues of loanable devices,2023/2024,191
E08000036,Computers and devices in service,2023/2024,206
E08000030,Computers and devices in service,2023/2024,165
E09000032,Computers and devices in service,2023/2024,253
E09000032,Devices available to borrow,2023/2024,36
E09000032,Issues of loanable devices,2023/2024,2975
E06000007,Computers and devices in service,2023/2024,78
E10000031,Computers and devices in service,2023/2024,170
E10000031,Devices available to borrow,2023/2024,30
E10000031,Issues of loanable devices,2023/2024,197
E06000037,Computers and devices in service,2023/2024,47
E10000032,Computers and devices in service,2023/2024,320
E10000032,Devices available to borrow,2023/2024,25
E10000032,Issues of loanable devices,2023/2024,15
E09000033,Computers and devices in service,2023/2024,195
E09000033,Devices available to borrow,2023/2024,28
E09000033,Issues of loanable devices,2023/2024,3623
E06000064,Computers and devices in service,2023/2024,249
E08000010,Computers and devices in service,2023/2024,108
E06000054,Computers and devices in service,2023/2024,172
E08000015,Computers and devices in service,2023/2024,102
E08000031,Computers and devices in service,2023/2024,145
E10000034,Computers and devices in service,2023/2024,226
E09000003,Computers and devices in service,2024/2025,134
E09000003,Devices available to borrow,2024/2025,0
E09000003,Issues of loanable devices,2024/2025,0
E08000016,Computers and devices in service,2024/2025,100
E06000022,Computers and devices in service,2024/2025,60
E06000022,Devices available to borrow,2024/2025,0
E06000022,Issues of loanable devices,2024/2025,0
E08000025,Computers and devices in service,2024/2025,600
E08000025,Devices available to borrow,2024/2025,0
E08000025,Issues of loanable devices,2024/2025,0
E06000008,Computers and devices in service,2024/2025,93
E06000008,Devices available to borrow,2024/2025,0
E06000008,Issues of loanable devices,2024/2025,0
E06000009,Computers and devices in service,2024/2025,80
E06000009,Devices available to borrow,2024/2025,83
E06000009,Issues of loanable devices,2024/2025,7
E08000001,Computers and devices in service,2024/2025,96
E08000001,Devices available to borrow,2024/2025,226
E08000001,Issues of loanable devices,2024/2025,86
E06000058,Computers and devices in service,2024/2025,180
E06000058,Devices available to borrow,2024/2025,0
E06000058,Issues of loanable devices,2024/2025,0
E08000032,Computers and devices in service,2024/2025,144
E09000005,Computers and devices in service,2024/2025,145
E09000005,Devices available to borrow,2024/2025,0
E09000005,Issues of loanable devices,2024/2025,0
E06000023,Computers and devices in service,2024/2025,223
E06000023,Devices available to borrow,2024/2025,0
E06000023,Issues of loanable devices,2024/2025,0
E09000006,Computers and devices in service,2024/2025,157
E09000006,Devices available to borrow,2024/2025,36
E09000006,Issues of loanable devices,2024/2025,1363
E08000033,Computers and devices in service,2024/2025,104
E08000033,Devices available to borrow,2024/2025,0
E08000033,Issues of loanable devices,2024/2025,0
E10000003,Computers and devices in service,2024/2025,264
E10000003,Devices available to borrow,2024/2025,35
E10000003,Issues of loanable devices,2024/2025,687
E06000049,Computers and devices in service,2024/2025,77
E06000049,Devices available to borrow,2024/2025,0
E06000049,Issues of loanable devices,2024/2025,0
E06000050,Computers and devices in service,2024/2025,89
E06000050,Devices available to borrow,2024/2025,51
E06000050,Issues of loanable devices,2024/2025,327
E09000001,Computers and devices in service,2024/2025,53
E09000001,Devices available to borrow,2024/2025,0
E09000001,Issues of loanable devices,2024/2025,0
E06000052,Computers and devices in service,2024/2025,124
E06000052,Devices available to borrow,2024/2025,0
E06000052,Issues of loanable devices,2024/2025,0
E08000026,Computers and devices in service,2024/2025,200
E08000026,Devices available to borrow,2024/2025,30
E08000026,Issues of loanable devices,2024/2025,113
E09000008,Computers and devices in service,2024/2025,139
E09000008,Devices available to borrow,2024/2025,0
E09000008,Issues of loanable devices,2024/2025,0
E06000005,Computers and devices in service,2024/2025,26
E10000007,Computers and devices in service,2024/2025,251
E10000007,Devices available to borrow,2024/2025,0
E10000007,Issues of loanable devices,2024/2025,0
E10000008,Computers and devices in service,2024/2025,178
E10000008,Devices available to borrow,2024/2025,0
E10000008,Issues of loanable devices,2024/2025,0
E08000017,Computers and devices in service,2024/2025,258
E08000017,Devices available to borrow,2024/2025,0
E08000017,Issues of loanable devices,2024/2025,0
E06000059,Computers and devices in service,2024/2025,166
E06000059,Devices available to borrow,2024/2025,40
E06000059,Issues of loanable devices,2024/2025,177
E08000027,Computers and devices in service,2024/2025,162
E08000027,Devices available to borrow,2024/2025,0
E08000027,Issues of loanable devices,2024/2025,0
E09000009,Computers and devices in service,2024/2025,191
E09000009,Devices available to borrow,2024/2025,0
E09000009,Issues of loanable devices,2024/2025,0
E06000011,Computers and devices in service,2024/2025,133
E10000011,Computers and devices in service,2024/2025,244
E10000011,Devices available to borrow,2024/2025,0
E10000011,Issues of loanable devices,2024/2025,0
E09000010,Computers and devices in service,2024/2025,260
E09000010,Devices available to borrow,2024/2025,0
E09000010,Issues of loanable devices,2024/2025,0
E10000012,Computers and devices in service,2024/2025,431
E10000012,Devices available to borrow,2024/2025,0
E10000012,Issues of loanable devices,2024/2025,0
E08000037,Computers and devices in service,2024/2025,75
E08000037,Devices available to borrow,2024/2025,0
E08000037,Issues of loanable devices,2024/2025,0
E10000013,Computers and devices in service,2024/2025,172
E09000011,Computers and devices in service,2024/2025,220
E09000011,Devices available to borrow,2024/2025,20
E09000011,Issues of loanable devices,2024/2025,50
E09000012,Computers and devices in service,2024/2025,196
E09000012,Devices available to borrow,2024/2025,0
E09000012,Issues of loanable devices,2024/2025,0
E10000014,Computers and devices in service,2024/2025,202
E09000015,Computers and devices in service,2024/2025,64
E09000015,Devices available to borrow,2024/2025,0
E09000015,Issues of loanable devices,2024/2025,0
E06000001,Computers and devices in service,2024/2025,44
E06000001,Devices available to borrow,2024/2025,0
E06000001,Issues of loanable devices,2024/2025,0
E09000016,Computers and devices in service,2024/2025,115
E09000016,Devices available to borrow,2024/2025,0
E09000016,Issues of loanable devices,2024/2025,0
E06000019,Computers and devices in service,2024/2025,33
E06000019,Devices available to borrow,2024/2025,0
E06000019,Issues of loanable devices,2024/2025,0
E09000017,Computers and devices in service,2024/2025,174
E09000017,Devices available to borrow,2024/2025,0
E09000017,Issues of loanable devices,2024/2025,0
E06000046,Computers and devices in service,2024/2025,48
E06000046,Devices available to borrow,2024/2025,0
E06000046,Issues of loanable devices,2024/2025,0
E10000016,Computers and devices in service,2024/2025,498
E10000016,Devices available to borrow,2024/2025,0
E10000016,Issues of loanable devices,2024/2025,0
E06000010,Computers and devices in service,2024/2025,175
E06000010,Devices available to borrow,2024/2025,0
E06000010,Issues of loanable devices,2024/2025,0
E09000021,Computers and devices in service,2024/2025,43
E09000021,Devices available to borrow,2024/2025,0
E09000021,Issues of loanable devices,2024/2025,0
E08000034,Computers and devices in service,2024/2025,225
E08000034,Devices available to borrow,2024/2025,0
E08000034,Issues of loanable devices,2024/2025,0
E08000011,Computers and devices in service,2024/2025,44
E08000011,Devices available to borrow,2024/2025,0
E08000011,Issues of loanable devices,2024/2025,0
E06000016,Computers and devices in service,2024/2025,124
E06000016,Devices available to borrow,2024/2025,40
E06000016,Issues of loanable devices,2024/2025,55
E09000023,Computers and devices in service,2024/2025,96
E09000023,Devices available to borrow,2024/2025,0
E09000023,Issues of loanable devices,2024/2025,0
E10000019,Computers and devices in service,2024/2025,188
E10000019,Devices available to borrow,2024/2025,6
E10000019,Issues of loanable devices,2024/2025,350
E08000012,Devices available to borrow,2024/2025,0
E08000012,Issues of loanable devices,2024/2025,0
E06000032,Computers and devices in service,2024/2025,50
E06000032,Devices available to borrow,2024/2025,0
E06000032,Issues of loanable devices,2024/2025,0
E08000003,Computers and devices in service,2024/2025,455
E09000024,Computers and devices in service,2024/2025,169
E09000024,Devices available to borrow,2024/2025,85
E09000024,Issues of loanable devices,2024/2025,302
E06000042,Computers and devices in service,2024/2025,20
E06000042,Devices available to borrow,2024/2025,0
E08000021,Computers and devices in service,2024/2025,238
E08000021,Devices available to borrow,2024/2025,6
E08000021,Issues of loanable devices,2024/2025,52
E06000012,Computers and devices in service,2024/2025,28
E06000012,Devices available to borrow,2024/2025,0
E06000012,Issues of loanable devices,2024/2025,0
E06000013,Computers and devices in service,2024/2025,39
E06000013,Devices available to borrow,2024/2025,36
E06000013,Issues of loanable devices,2024/2025,789
E06000061,Computers and devices in service,2024/2025,57
E06000061,Devices available to borrow,2024/2025,0
E06000061,Issues of loanable devices,2024/2025,0
E06000024,Computers and devices in service,2024/2025,80
E08000022,Computers and devices in service,2024/2025,125
E08000022,Devices available to borrow,2024/2025,0
E08000022,Issues of loanable devices,2024/2025,0
E06000065,Computers and devices in service,2024/2025,317
E06000065,Devices available to borrow,2024/2025,0
E06000065,Issues of loanable devices,2024/2025,0
E06000057,Computers and devices in service,2024/2025,111
E06000057,Devices available to borrow,2024/2025,0
E06000057,Issues of loanable devices,2024/2025,0
E06000018,Computers and devices in service,2024/2025,172
E06000018,Devices available to borrow,2024/2025,0
E06000018,Issues of loanable devices,2024/2025,0
E10000024,Computers and devices in service,2024/2025,282
E10000024,Devices available to borrow,2024/2025,0
E10000024,Issues of loanable devices,2024/2025,0
E08000004,Computers and devices in service,2024/2025,226
E08000004,Devices available to borrow,2024/2025,145
E08000004,Issues of loanable devices,2024/2025,382
E10000025,Computers and devices in service,2024/2025,287
E10000025,Devices available to borrow,2024/2025,0
E10000025,Issues of loanable devices,2024/2025,0
E06000031,Computers and devices in service,2024/2025,0
E06000031,Devices available to borrow,2024/2025,0
E06000031,Issues of loanable devices,2024/2025,0
E06000038,Computers and devices in service,2024/2025,104
E06000038,Devices available to borrow,2024/2025,20
E06000038,Issues of loanable devices,2024/2025,146
E09000026,Computers and devices in service,2024/2025,127
E09000026,Devices available to borrow,2024/2025,14
E09000026,Issues of loanable devices,2024/2025,9
E06000003,Computers and devices in service,2024/2025,80
E06000003,Devices available to borrow,2024/2025,0
E06000003,Issues of loanable devices,2024/2025,0
E09000027,Computers and devices in service,2024/2025,100
E09000027,Devices available to borrow,2024/2025,9
E09000027,Issues of loanable devices,2024/2025,309
E08000005,Computers and devices in service,2024/2025,189
E08000005,Devices available to borrow,2024/2025,201
E08000005,Issues of loanable devices,2024/2025,772
E08000018,Computers and devices in service,2024/2025,112
E08000018,Devices available to borrow,2024/2025,0
E08000018,Issues of loanable devices,2024/2025,0
E06000017,Computers and devices in service,2024/2025,22
E06000017,Devices available to borrow,2024/2025,0
E06000017,Issues of loanable devices,2024/2025,0
E08000006,Computers and devices in service,2024/2025,201
E08000006,Devices available to borrow,2024/2025,0
E08000006,Issues of loanable devices,2024/2025,0
E08000028,Computers and devices in service,2024/2025,140
E08000028,Devices available to borrow,2024/2025,0
E08000028,Issues of loanable devices,2024/2025,0
E08000014,Computers and devices in service,2024/2025,80
E08000014,Devices available to borrow,2024/2025,12
E08000014,Issues of loanable devices,2024/2025,4
E08000019,Computers and devices in service,2024/2025,210
E08000019,Devices available to borrow,2024/2025,0
E08000019,Issues of loanable devices,2024/2025,0
E06000051,Computers and devices in service,2024/2025,90
E06000051,Devices available to borrow,2024/2025,0
E06000051,Issues of loanable devices,2024/2025,0
E06000025,Computers and devices in service,2024/2025,129
E06000025,Devices available to borrow,2024/2025,0
E06000025,Issues of loanable devices,2024/2025,0
E08000023,Computers and devices in service,2024/2025,105
E08000023,Devices available to borrow,2024/2025,0
E08000023,Issues of loanable devices,2024/2025,0
E09000028,Computers and devices in service,2024/2025,180
E09000028,Devices available to borrow,2024/2025,0
E09000028,Issues of loanable devices,2024/2025,0
E08000013,Computers and devices in service,2024/2025,54
E08000013,Devices available to borrow,2024/2025,0
E08000013,Issues of loanable devices,2024/2025,0
E10000028,Computers and devices in service,2024/2025,360
E10000028,Devices available to borrow,2024/2025,0
E10000028,Issues of loanable devices,2024/2025,0
E06000004,Computers and devices in service,2024/2025,89
E06000004,Devices available to borrow,2024/2025,0
E06000004,Issues of loanable devices,2024/2025,0
E06000021,Computers and devices in service,2024/2025,84
E06000021,Devices available to borrow,2024/2025,0
E06000021,Issues of loanable devices,2024/2025,0
E08000024,Computers and devices in service,2024/2025,36
E10000030,Computers and devices in service,2024/2025,351
E10000030,Devices available to borrow,2024/2025,57
E10000030,Issues of loanable devices,2024/2025,258
E09000029,Computers and devices in service,2024/2025,66
E09000029,Devices available to borrow,2024/2025,0
E09000029,Issues of loanable devices,2024/2025,0
E08000008,Computers and devices in service,2024/2025,108
E06000020,Computers and devices in service,2024/2025,66
E06000020,Devices available to borrow,2024/2025,33
E06000020,Issues of loanable devices,2024/2025,61
E06000034,Computers and devices in service,2024/2025,78
E06000034,Devices available to borrow,2024/2025,0
E06000034,Issues of loanable devices,2024/2025,0
E06000027,Computers and devices in service,2024/2025,62
E06000027,Devices available to borrow,2024/2025,0
E06000027,Issues of loanable devices,2024/2025,0
E09000030,Computers and devices in service,2024/2025,90
E09000030,Devices available to borrow,2024/2025,48
E09000030,Issues of loanable devices,2024/2025,48
E08000009,Computers and devices in service,2024/2025,65
E08000009,Devices available to borrow,2024/2025,41
E08000009,Issues of loanable devices,2024/2025,150
E08000036,Computers and devices in service,2024/2025,210
E08000036,Devices available to borrow,2024/2025,0
E08000036,Issues of loanable devices,2024/2025,0
E08000030,Computers and devices in service,2024/2025,165
E08000030,Devices available to borrow,2024/2025,0
E08000030,Issues of loanable devices,2024/2025,0
E09000031,Computers and devices in service,2024/2025,154
E09000031,Devices available to borrow,2024/2025,0
E09000031,Issues of loanable devices,2024/2025,0
E09000032,Computers and devices in service,2024/2025,253
E09000032,Devices available to borrow,2024/2025,30
E09000032,Issues of loanable devices,2024/2025,1883
E06000007,Computers and devices in service,2024/2025,80
E10000031,Computers and devices in service,2024/2025,224
E10000031,Devices available to borrow,2024/2025,39
E10000031,Issues of loanable devices,2024/2025,164
E06000037,Computers and devices in service,2024/2025,46
E06000037,Devices available to borrow,2024/2025,0
E06000037,Issues of loanable devices,2024/2025,0
E06000062,Computers and devices in service,2024/2025,83
E06000062,Devices available to borrow,2024/2025,0
E06000062,Issues of loanable devices,2024/2025,0
E10000032,Computers and devices in service,2024/2025,293
E10000032,Devices available to borrow,2024/2025,0
E10000032,Issues of loanable devices,2024/2025,0
E06000064,Computers and devices in service,2024/2025,79
E06000064,Devices available to borrow,2024/2025,0
E06000064,Issues of loanable devices,2024/2025,0
E08000010,Computers and devices in service,2024/2025,144
E08000010,Devices available to borrow,2024/2025,0
E08000010,Issues of loanable devices,2024/2025,0
E06000054,Computers and devices in service,2024/2025,170
E06000054,Devices available to borrow,2024/2025,0
E06000054,Issues of loanable devices,2024/2025,0
E06000040,Computers and devices in service,2024/2025,116
E06000040,Devices available to borrow,2024/2025,24
E06000040,Issues of loanable devices,2024/2025,243
E08000015,Computers and devices in service,2024/2025,90
E08000015,Devices available to borrow,2024/2025,0
E08000015,Issues of loanable devices,2024/2025,12
E08000031,Computers and devices in service,2024/2025,140
E08000031,Devices available to borrow,2024/2025,0
E08000031,Issues of loanable devices,2024/2025,0
E10000034,Computers and devices in service,2024/2025,234
E10000034,Devices available to borrow,2024/2025,0
E10000034,Issues of loanable devices,2024/2025,0
E06000014,Computers and devices in service,2024/2025,87
E06000014,Devices available to borrow,2024/2025,0
E06000014,Issues of loanable devices,2024/2025,0
E09000003,Computers and devices in service,2025/2026,134
E09000003,Devices available to borrow,2025/2026,139
E09000003,Issues of loanable devices,2025/2026,33
E08000016,Computers and devices in service,2025/2026,98
E08000016,Devices available to borrow,2025/2026,0
E08000016,Issues of loanable devices,2025/2026,0
E09000004,Computers and devices in service,2025/2026,103
E09000004,Devices available to borrow,2025/2026,0
E09000004,Issues of loanable devices,2025/2026,0
E06000008,Computers and devices in service,2025/2026,82
E06000008,Devices available to borrow,2025/2026,0
E06000008,Issues of loanable devices,2025/2026,0
E06000009,Computers and devices in service,2025/2026,80
E06000009,Devices available to borrow,2025/2026,0
E06000009,Issues of loanable devices,2025/2026,0
E08000001,Computers and devices in service,2025/2026,150
E08000001,Devices available to borrow,2025/2026,139
E08000001,Issues of loanable devices,2025/2026,30
E06000058,Computers and devices in service,2025/2026,161
E06000058,Devices available to borrow,2025/2026,0
E06000058,Issues of loanable devices,2025/2026,0
E08000032,Computers and devices in service,2025/2026,142
E08000032,Devices available to borrow,2025/2026,0
E08000032,Issues of loanable devices,2025/2026,0
E09000005,Computers and devices in service,2025/2026,145
E09000005,Devices available to borrow,2025/2026,0
E09000005,Issues of loanable devices,2025/2026,0
E06000043,Computers and devices in service,2025/2026,158
E06000043,Devices available to borrow,2025/2026,0
E06000043,Issues of loanable devices,2025/2026,0
E06000023,Computers and devices in service,2025/2026,225
E06000023,Devices available to borrow,2025/2026,0
E06000023,Issues of loanable devices,2025/2026,0
E06000060,Computers and devices in service,2025/2026,162
E06000060,Devices available to borrow,2025/2026,27
E06000060,Issues of loanable devices,2025/2026,998
E08000033,Computers and devices in service,2025/2026,82
E08000033,Devices available to borrow,2025/2026,0
E08000033,Issues of loanable devices,2025/2026,0
E09000007,Computers and devices in service,2025/2026,52
E09000007,Devices available to borrow,2025/2026,0
E09000007,Issues of loanable devices,2025/2026,0
E10000003,Computers and devices in service,2025/2026,224
E10000003,Devices available to borrow,2025/2026,49
E10000003,Issues of loanable devices,2025/2026,378
E06000056,Computers and devices in service,2025/2026,107
E06000056,Devices available to borrow,2025/2026,0
E06000056,Issues of loanable devices,2025/2026,0
E06000049,Computers and devices in service,2025/2026,77
E06000049,Devices available to borrow,2025/2026,0
E06000049,Issues of loanable devices,2025/2026,0
E06000050,Computers and devices in service,2025/2026,89
E06000050,Devices available to borrow,2025/2026,51
E06000050,Issues of loanable devices,2025/2026,304
E09000001,Computers and devices in service,2025/2026,53
E09000001,Devices available to borrow,2025/2026,0
E09000001,Issues of loanable devices,2025/2026,0
E06000052,Computers and devices in service,2025/2026,130
E06000052,Devices available to borrow,2025/2026,0
E06000052,Issues of loanable devices,2025/2026,0
E08000026,Computers and devices in service,2025/2026,204
E08000026,Devices available to borrow,2025/2026,58
E08000026,Issues of loanable devices,2025/2026,74
E09000008,Computers and devices in service,2025/2026,143
E09000008,Devices available to borrow,2025/2026,0
E09000008,Issues of loanable devices,2025/2026,0
E06000063,Computers and devices in service,2025/2026,248
E06000063,Devices available to borrow,2025/2026,0
E06000063,Issues of loanable devices,2025/2026,0
E06000005,Computers and devices in service,2025/2026,21
E06000005,Devices available to borrow,2025/2026,0
E06000005,Issues of loanable devices,2025/2026,0
E06000015,Computers and devices in service,2025/2026,146
E06000015,Devices available to borrow,2025/2026,0
E06000015,Issues of loanable devices,2025/2026,0
E10000007,Computers and devices in service,2025/2026,192
E10000007,Devices available to borrow,2025/2026,0
E10000007,Issues of loanable devices,2025/2026,0
E10000008,Computers and devices in service,2025/2026,143
E10000008,Devices available to borrow,2025/2026,0
E10000008,Issues of loanable devices,2025/2026,0
E08000017,Computers and devices in service,2025/2026,139
E08000017,Devices available to borrow,2025/2026,0
E08000017,Issues of loanable devices,2025/2026,0
E06000059,Computers and devices in service,2025/2026,166
E06000059,Devices available to borrow,2025/2026,40
E06000059,Issues of loanable devices,2025/2026,161
E08000027,Computers and devices in service,2025/2026,168
E08000027,Devices available to borrow,2025/2026,0
E08000027,Issues of loanable devices,2025/2026,0
E10000011,Computers and devices in service,2025/2026,176
E10000011,Devices available to borrow,2025/2026,0
E10000011,Issues of loanable devices,2025/2026,3
E08000037,Computers and devices in service,2025/2026,83
E08000037,Devices available to borrow,2025/2026,0
E08000037,Issues of loanable devices,2025/2026,0
E10000013,Computers and devices in service,2025/2026,137
E10000013,Devices available to borrow,2025/2026,11
E10000013,Issues of loanable devices,2025/2026,929
E09000011,Computers and devices in service,2025/2026,220
E09000011,Devices available to borrow,2025/2026,20
E09000011,Issues of loanable devices,2025/2026,50
E06000006,Computers and devices in service,2025/2026,44
E06000006,Devices available to borrow,2025/2026,0
E06000006,Issues of loanable devices,2025/2026,0
E09000013,Computers and devices in service,2025/2026,0
E09000013,Devices available to borrow,2025/2026,0
E09000013,Issues of loanable devices,2025/2026,0
E06000001,Computers and devices in service,2025/2026,44
E06000001,Devices available to borrow,2025/2026,0
E06000001,Issues of loanable devices,2025/2026,0
E06000019,Computers and devices in service,2025/2026,30
E06000019,Devices available to borrow,2025/2026,60
E06000019,Issues of loanable devices,2025/2026,91
E10000015,Computers and devices in service,2025/2026,542
E10000015,Devices available to borrow,2025/2026,0
E10000015,Issues of loanable devices,2025/2026,0
E09000017,Computers and devices in service,2025/2026,160
E09000017,Devices available to borrow,2025/2026,0
E09000017,Issues of loanable devices,2025/2026,0
E06000046,Computers and devices in service,2025/2026,21
E06000046,Devices available to borrow,2025/2026,0
E06000046,Issues of loanable devices,2025/2026,0
E09000019,Computers and devices in service,2025/2026,119
E09000019,Devices available to borrow,2025/2026,0
E09000019,Issues of loanable devices,2025/2026,0
E09000020,Computers and devices in service,2025/2026,73
E09000020,Devices available to borrow,2025/2026,0
E09000020,Issues of loanable devices,2025/2026,0
E10000016,Computers and devices in service,2025/2026,340
E10000016,Devices available to borrow,2025/2026,0
E10000016,Issues of loanable devices,2025/2026,0
E06000010,Computers and devices in service,2025/2026,151
E06000010,Devices available to borrow,2025/2026,0
E06000010,Issues of loanable devices,2025/2026,0
E08000034,Computers and devices in service,2025/2026,221
E08000034,Devices available to borrow,2025/2026,0
E08000034,Issues of loanable devices,2025/2026,0
E08000035,Computers and devices in service,2025/2026,485
E08000035,Devices available to borrow,2025/2026,120
E08000035,Issues of loanable devices,2025/2026,724
E10000019,Computers and devices in service,2025/2026,188
E10000019,Devices available to borrow,2025/2026,0
E10000019,Issues of loanable devices,2025/2026,0
E08000012,Computers and devices in service,2025/2026,205
E08000012,Devices available to borrow,2025/2026,0
E08000012,Issues of loanable devices,2025/2026,0
E09000024,Computers and devices in service,2025/2026,128
E09000024,Devices available to borrow,2025/2026,105
E09000024,Issues of loanable devices,2025/2026,135
E06000002,Computers and devices in service,2025/2026,0
E06000002,Devices available to borrow,2025/2026,0
E06000002,Issues of loanable devices,2025/2026,0
E06000042,Computers and devices in service,2025/2026,21
E06000042,Devices available to borrow,2025/2026,0
E06000042,Issues of loanable devices,2025/2026,0
E08000021,Computers and devices in service,2025/2026,225
E08000021,Devices available to borrow,2025/2026,40
E08000021,Issues of loanable devices,2025/2026,107
E09000025,Computers and devices in service,2025/2026,166
E09000025,Devices available to borrow,2025/2026,49
E09000025,Issues of loanable devices,2025/2026,22
E06000012,Computers and devices in service,2025/2026,20
E06000012,Devices available to borrow,2025/2026,0
E06000012,Issues of loanable devices,2025/2026,0
E06000013,Computers and devices in service,2025/2026,39
E06000013,Devices available to borrow,2025/2026,36
E06000013,Issues of loanable devices,2025/2026,1254
E06000061,Computers and devices in service,2025/2026,56
E06000061,Devices available to borrow,2025/2026,0
E06000061,Issues of loanable devices,2025/2026,0
E06000024,Computers and devices in service,2025/2026,66
E06000024,Devices available to borrow,2025/2026,0
E06000024,Issues of loanable devices,2025/2026,0
E08000022,Computers and devices in service,2025/2026,121
E08000022,Devices available to borrow,2025/2026,0
E08000022,Issues of loanable devices,2025/2026,0
E06000065,Computers and devices in service,2025/2026,314
E06000065,Devices available to borrow,2025/2026,0
E06000065,Issues of loanable devices,2025/2026,0
E06000057,Computers and devices in service,2025/2026,90
E06000057,Devices available to borrow,2025/2026,0
E06000057,Issues of loanable devices,2025/2026,0
E06000018,Computers and devices in service,2025/2026,164
E06000018,Devices available to borrow,2025/2026,0
E06000018,Issues of loanable devices,2025/2026,0
E10000024,Computers and devices in service,2025/2026,320
E10000024,Devices available to borrow,2025/2026,0
E10000024,Issues of loanable devices,2025/2026,0
E08000004,Computers and devices in service,2025/2026,196
E08000004,Devices available to borrow,2025/2026,144
E08000004,Issues of loanable devices,2025/2026,381
E10000025,Computers and devices in service,2025/2026,255
E10000025,Devices available to borrow,2025/2026,0
E10000025,Issues of loanable devices,2025/2026,0
E06000031,Computers and devices in service,2025/2026,72
E06000031,Devices available to borrow,2025/2026,25
E06000031,Issues of loanable devices,2025/2026,19
E06000044,Computers and devices in service,2025/2026,113
E06000044,Devices available to borrow,2025/2026,0
E06000044,Issues of loanable devices,2025/2026,0
E06000038,Computers and devices in service,2025/2026,90
E06000038,Devices available to borrow,2025/2026,18
E06000038,Issues of loanable devices,2025/2026,146
E09000027,Computers and devices in service,2025/2026,90
E09000027,Devices available to borrow,2025/2026,9
E09000027,Issues of loanable devices,2025/2026,629
E08000018,Computers and devices in service,2025/2026,112
E08000018,Devices available to borrow,2025/2026,0
E08000018,Issues of loanable devices,2025/2026,0
E08000028,Computers and devices in service,2025/2026,130
E08000028,Devices available to borrow,2025/2026,0
E08000028,Issues of loanable devices,2025/2026,0
E08000014,Computers and devices in service,2025/2026,88
E08000014,Devices available to borrow,2025/2026,12
E08000014,Issues of loanable devices,2025/2026,1
E08000019,Computers and devices in service,2025/2026,210
E08000019,Devices available to borrow,2025/2026,0
E08000019,Issues of loanable devices,2025/2026,0
E06000051,Computers and devices in service,2025/2026,95
E06000051,Devices available to borrow,2025/2026,0
E06000051,Issues of loanable devices,2025/2026,0
E06000039,Computers and devices in service,2025/2026,41
E06000039,Devices available to borrow,2025/2026,0
E06000039,Issues of loanable devices,2025/2026,0
E06000066,Computers and devices in service,2025/2026,100
E06000066,Devices available to borrow,2025/2026,155
E06000066,Issues of loanable devices,2025/2026,333
E06000025,Computers and devices in service,2025/2026,128
E06000025,Devices available to borrow,2025/2026,0
E06000025,Issues of loanable devices,2025/2026,0
E08000023,Computers and devices in service,2025/2026,104
E08000023,Devices available to borrow,2025/2026,0
E08000023,Issues of loanable devices,2025/2026,0
E06000033,Computers and devices in service,2025/2026,56
E06000033,Devices available to borrow,2025/2026,0
E06000033,Issues of loanable devices,2025/2026,0
E09000028,Computers and devices in service,2025/2026,180
E09000028,Devices available to borrow,2025/2026,0
E09000028,Issues of loanable devices,2025/2026,0
E08000013,Computers and devices in service,2025/2026,54
E08000013,Devices available to borrow,2025/2026,0
E08000013,Issues of loanable devices,2025/2026,0
E10000028,Computers and devices in service,2025/2026,345
E10000028,Devices available to borrow,2025/2026,0
E10000028,Issues of loanable devices,2025/2026,0
E06000004,Computers and devices in service,2025/2026,89
E06000004,Devices available to borrow,2025/2026,0
E06000004,Issues of loanable devices,2025/2026,0
E06000021,Computers and devices in service,2025/2026,81
E06000021,Devices available to borrow,2025/2026,0
E06000021,Issues of loanable devices,2025/2026,0
E10000030,Computers and devices in service,2025/2026,359
E10000030,Devices available to borrow,2025/2026,77
E10000030,Issues of loanable devices,2025/2026,142
E09000029,Computers and devices in service,2025/2026,58
E09000029,Devices available to borrow,2025/2026,0
E09000029,Issues of loanable devices,2025/2026,0
E08000008,Computers and devices in service,2025/2026,109
E08000008,Devices available to borrow,2025/2026,0
E08000008,Issues of loanable devices,2025/2026,0
E06000020,Computers and devices in service,2025/2026,59
E06000020,Devices available to borrow,2025/2026,33
E06000020,Issues of loanable devices,2025/2026,41
E06000034,Computers and devices in service,2025/2026,77
E06000034,Devices available to borrow,2025/2026,0
E06000034,Issues of loanable devices,2025/2026,0
E06000027,Computers and devices in service,2025/2026,24
E06000027,Devices available to borrow,2025/2026,0
E06000027,Issues of loanable devices,2025/2026,0
E08000036,Computers and devices in service,2025/2026,187
E08000036,Devices available to borrow,2025/2026,0
E08000036,Issues of loanable devices,2025/2026,0
E09000031,Computers and devices in service,2025/2026,154
E09000031,Devices available to borrow,2025/2026,0
E09000031,Issues of loanable devices,2025/2026,0
E09000032,Computers and devices in service,2025/2026,256
E09000032,Devices available to borrow,2025/2026,18
E09000032,Issues of loanable devices,2025/2026,158
E06000007,Computers and devices in service,2025/2026,69
E06000007,Devices available to borrow,2025/2026,0
E06000007,Issues of loanable devices,2025/2026,0
E10000031,Computers and devices in service,2025/2026,224
E10000031,Devices available to borrow,2025/2026,39
E10000031,Issues of loanable devices,2025/2026,4881
E06000037,Computers and devices in service,2025/2026,45
E06000037,Devices available to borrow,2025/2026,0
E06000037,Issues of loanable devices,2025/2026,0
E06000062,Computers and devices in service,2025/2026,81
E06000062,Devices available to borrow,2025/2026,0
E06000062,Issues of loanable devices,2025/2026,0
E10000032,Computers and devices in service,2025/2026,282
E10000032,Devices available to borrow,2025/2026,0
E10000032,Issues of loanable devices,2025/2026,0
E09000033,Computers and devices in service,2025/2026,175
E09000033,Devices available to borrow,2025/2026,0
E09000033,Issues of loanable devices,2025/2026,0
E06000064,Computers and devices in service,2025/2026,85
E06000064,Devices available to borrow,2025/2026,0
E06000064,Issues of loanable devices,2025/2026,0
E08000010,Computers and devices in service,2025/2026,135
E08000010,Devices available to borrow,2025/2026,0
E08000010,Issues of loanable devices,2025/2026,0
E06000054,Computers and devices in service,2025/2026,170
E06000054,Devices available to borrow,2025/2026,0
E06000054,Issues of loanable devices,2025/2026,0
E06000040,Computers and devices in service,2025/2026,90
E06000040,Devices available to borrow,2025/2026,0
E06000040,Issues of loanable devices,2025/2026,0
E08000015,Computers and devices in service,2025/2026,90
E08000015,Devices available to borrow,2025/2026,0
E08000015,Issues of loanable devices,2025/2026,0
E10000034,Computers and devices in service,2025/2026,226
E10000034,Devices available to borrow,2025/2026,0
E10000034,Issues of loanable devices,2025/2026,0
E06000014,Computers and devices in service,2025/2026,87
E06000014,Devices available to borrow,2025/2026,0
E06000014,Issues of loanable devices,2025/2026,0
E09000006,Computers and devices in service,2025/2026,167
E09000006,Devices available to borrow,2025/2026,30
E09000006,Issues of loanable devices,2025/2026,2564
E06000022,Computers and devices in service,2025/2026,62
E06000022,Devices available to borrow,2025/2026,0
E06000022,Issues of loanable devices,2025/2026,0
