Period,Dataset,Authority code,Authority name,Scope,Match,Status,Estimated count,Notes
2023/2024,attendance,E10000029,Suffolk County Council,values,319000,replaced,31900,"Monthly return (March): March adult event attendance entered as 319,000, which exceeds the reported monthly total (79,280). Likely an accidental extra zero on 31,900."
2023/2024,computer_usage,E09000014,London Borough of Haringey,values,2236995718,excluded,,"Monthly return (March): Computer hours recorded as 2,236,995,718 (2.2 billion hours). This is clearly impossible for a single library service and appears to be an automated counter value. Excluded from monthly figures."
2023/2024,computer_usage,E09000014,London Borough of Haringey,total,,excluded,,"Annual headline total: The published annual total included the 2.2 billion March figure, heavily distorting annual aggregates. Excluded from headline totals."
2023/2024,computer_usage,E09000015,London Borough of Harrow,values,256515,replaced,2565,"Monthly return (April): April computer hours entered as 256,515, where other months average around 2,500. Corrected to 2,565 (removing two accidental extra digits)."
2023/2024,computer_usage,E09000018,London Borough of Hounslow,values,155393,replaced,15539,"Monthly return (December): December computer hours entered as 155,393, where other quarters average around 17,000. Corrected to 15,539 (removing an accidental extra zero)."
2023/2024,computer_usage,E08000021,Newcastle City Council,total,,excluded,,"Annual headline total: Recorded ~800,000 computer hours per month, which is physically impossible and suggests an internal timer or counter was submitted instead of hours. Excluded from annual totals."
2023/2024,computer_usage,E08000021,Newcastle City Council,all,,excluded,,"All monthly returns: Recorded ~800,000 computer hours per month across all individual months. Excluded from monthly figures."
2023/2024,computer_usage,E10000031,Warwickshire County Council,total,,excluded,,"Annual headline total: Recorded ~300,000 computer hours per month, which is physically impossible and suggests an internal timer or counter was submitted instead of hours. Excluded from annual totals."
2023/2024,computer_usage,E10000031,Warwickshire County Council,all,,excluded,,"All monthly returns: Recorded ~300,000 computer hours per month across all individual months. Excluded from monthly figures."
2023/2024,loans,E06000058,"Bournemouth, Christchurch and Poole Council",values,262343,replaced,26243,"Monthly return (March): Children's book loans entered as 262,343, which exceeds total book loans (67,522). Category totals show the intended figure was 26,243."
2023/2024,loans,E06000058,"Bournemouth, Christchurch and Poole Council",values,697360,replaced,69736,"Monthly return (April): April book loans entered as 697,360, about ten times higher than typical months (~70,000). Corrected to 69,736."
2023/2024,loans,E10000024,Nottinghamshire County Council,values,32722,replaced,3272,"Monthly return (November): Audiobook loans entered as 32,722, about ten times higher than other months (~3,000). Corrected to 3,272."
2023/2024,loans,E08000005,Rochdale Metropolitan Borough Council,values,200000,replaced,20000,"Quarterly return (March Q4): Adult book loans entered as 200,000, while all other quarters are exactly 20,000. Corrected to 20,000."
2023/2024,loans,E08000014,Sefton Metropolitan Borough Council,values,823460,replaced,82346,"Quarterly return (June Q1): Adult book loans entered as 823,460, while all other quarters are exactly 82,346. Corrected to 82,346."
2023/2024,loans,E08000014,Sefton Metropolitan Borough Council,values,1244990,replaced,124499,"Quarterly return (June Q1): First quarter total book loans entered as 1,244,990, ten times higher than normal. Corrected to 124,499."
2023/2024,loans,E08000029,Solihull Metropolitan Borough Council,values,115544,replaced,15550,"Monthly return (November): Children's book loans entered as 115,544, exceeding total book loans (30,374). Corrected to 15,550."
2023/2024,loans,E08000007,Stockport Metropolitan Borough Council,values,248772,replaced,24877,"Monthly return (May): Adult book loans entered as 248,772, about ten times higher than other months (~24,000). Corrected to 24,877."
2023/2024,loans,E10000029,Suffolk County Council,values,785260,replaced,78526,"Quarterly return (June Q1): Ebook loans entered as 785,260, about ten times higher than other quarters (~80,000). Corrected to 78,526."
2023/2024,users,E06000036,Bracknell Forest Council,total,,suspicious,,"Annual headline total: Reported 259,229 active users, which exceeds the local population (126,000). Appears to be cumulative historical cardholders rather than active borrowers in the last 12 months."
2023/2024,users,E06000036,Bracknell Forest Council,all,,suspicious,,All category returns: Appears to reflect all historical card registrations rather than active borrowers within the last 12 months.
2023/2024,users,E06000031,Peterborough City Council,total,,suspicious,,"Annual headline total: Reported 170,757 active users, which appears to be cumulative historical registrations rather than active borrowers in the last 12 months."
2023/2024,users,E06000031,Peterborough City Council,all,,suspicious,,All category returns: Appears to reflect all historical card registrations rather than active borrowers within the last 12 months.
2023/2024,visits,E06000050,Cheshire West and Chester Council,total,,suspicious,,"Annual headline total: Reported 4.39 million visits, which appears to count footfall for the entire civic centre building rather than just the library."
2023/2024,visits,E06000050,Cheshire West and Chester Council,all,,suspicious,,All monthly returns: Appears to count footfall for the entire civic centre building rather than just the library.
2023/2024,visits,E06000001,Hartlepool Borough Council,values,211261,replaced,21126,"Monthly return (February): February visits entered as 211,261, about ten times higher than other months (~21,000). Corrected to 21,126."
2023/2024,visits,E09000029,London Borough of Sutton,total,,suspicious,,"Annual headline total: Reported 5.18 million visits; figures from April to October appear roughly ten times too high (~500,000 a month compared to ~55,000 a month later in the year)."
2023/2024,visits,E09000029,London Borough of Sutton,all,,suspicious,,"Monthly returns (Apr-Oct): Visits from April to October appear roughly ten times higher than normal, likely due to an accidental extra zero."
2023/2024,visits,E08000008,Tameside Metropolitan Borough Council,values,49433,replaced,4943,"Monthly return (November): November visits entered as 49,433, about ten times higher than other months (~4,500). Corrected to 4,943."
2024/2025,attendance,E06000023,Bristol City Council,quarterly,zero_placeholders,standardised,,"Reported quarterly totals with zeros in between, rather than monthly figures. The quarterly total has been spread evenly across the three months."
2024/2025,attendance,E09000001,City of London Corporation,quarterly,zero_placeholders,standardised,,"Reported quarterly totals with zeros in between, rather than monthly figures. The quarterly total has been spread evenly across the three months."
2024/2025,attendance,E06000024,North Somerset  Council,quarterly,zero_placeholders,standardised,,"Reported quarterly totals with zeros in between, rather than monthly figures. The quarterly total has been spread evenly across the three months."
2024/2025,attendance,E09000021,Royal Borough of Kingston upon Thames,quarterly,zero_placeholders,standardised,,"Reported quarterly totals with zeros in between, rather than monthly figures. The quarterly total has been spread evenly across the three months."
2024/2025,attendance,E08000006,Salford City Council,quarterly,zero_placeholders,standardised,,"Reported quarterly totals with zeros in between, rather than monthly figures. The quarterly total has been spread evenly across the three months."
2024/2025,attendance,E06000007,Warrington Borough Council,quarterly,zero_placeholders,standardised,,"Reported quarterly totals with zeros in between, rather than monthly figures. The quarterly total has been spread evenly across the three months."
2024/2025,computer_usage,E09000001,City of London Corporation,quarterly,zero_placeholders,standardised,,"Reported quarterly totals with zeros in between, rather than monthly figures. The quarterly total has been spread evenly across the three months."
2024/2025,computer_usage,E10000013,Gloucestershire County Council,quarterly,zero_placeholders,standardised,,"Reported quarterly totals with zeros in between, rather than monthly figures. The quarterly total has been spread evenly across the three months."
2024/2025,computer_usage,E06000019,Herefordshire Council,values,21510,replaced,1250,"Monthly return (June): June computer hours entered as 21,510, where other months range from 1,100 to 1,400. Corrected to 1,250 based on typical monthly use."
2024/2025,computer_usage,E06000019,Herefordshire Council,total,,replaced,15140,"Annual headline total: Published total of 35,400 was inflated by the June typo (21,510 instead of 1,250). Adjusted total is 15,140."
2024/2025,computer_usage,E09000024,London Borough of Merton,quarterly,zero_placeholders,standardised,,"Reported quarterly totals with zeros in between, rather than monthly figures. The quarterly total has been spread evenly across the three months."
2024/2025,computer_usage,E08000018,Rotherham Metropolitan Borough Council,values,24310,replaced,2431,"Monthly return (December): December computer hours entered as 24,310, about ten times higher than other months (~3,000). Corrected to 2,431."
2024/2025,computer_usage,E08000018,Rotherham Metropolitan Borough Council,total,,replaced,39216,"Annual headline total: Published total of 61,095 was inflated by the December typo (24,310 instead of 2,431). Adjusted total is 39,216."
2024/2025,computer_usage,E08000006,Salford City Council,quarterly,zero_placeholders,standardised,,"Reported quarterly totals with zeros in between, rather than monthly figures. The quarterly total has been spread evenly across the three months."
2024/2025,computer_usage,E10000028,Staffordshire County Council,quarterly,zero_placeholders,standardised,,"Reported quarterly totals with zeros in between, rather than monthly figures. The quarterly total has been spread evenly across the three months."
2024/2025,events,E06000023,Bristol City Council,quarterly,zero_placeholders,standardised,,"Reported quarterly totals with zeros in between, rather than monthly figures. The quarterly total has been spread evenly across the three months."
2024/2025,events,E09000001,City of London Corporation,quarterly,zero_placeholders,standardised,,"Reported quarterly totals with zeros in between, rather than monthly figures. The quarterly total has been spread evenly across the three months."
2024/2025,events,E08000003,Manchester City Council,fields,physical_events_all_ages,excluded,,"Event attendance (255,046 attendees) was entered into the count of events column. Excluded from event counts to avoid counting attendees as events."
2024/2025,events,E08000003,Manchester City Council,fields,digital_events_all_ages,excluded,,Digital event breakdown: Digital event attendance (460 attendees) was entered into the count of events column. Excluded from event counts.
2024/2025,events,E08000003,Manchester City Council,total,,replaced,15346,"Annual headline total: Published total of 270,355 included attendee numbers rather than the number of events. Adjusted total is 15,346 events."
2024/2025,events,E06000024,North Somerset  Council,quarterly,zero_placeholders,standardised,,"Reported quarterly totals with zeros in between, rather than monthly figures. The quarterly total has been spread evenly across the three months."
2024/2025,events,E08000006,Salford City Council,quarterly,zero_placeholders,standardised,,"Reported quarterly totals with zeros in between, rather than monthly figures. The quarterly total has been spread evenly across the three months."
2024/2025,events,E06000007,Warrington Borough Council,quarterly,zero_placeholders,standardised,,"Reported quarterly totals with zeros in between, rather than monthly figures. The quarterly total has been spread evenly across the three months."
2024/2025,loans,E09000001,City of London Corporation,quarterly,zero_placeholders,standardised,,"Reported quarterly totals with zeros in between, rather than monthly figures. The quarterly total has been spread evenly across the three months."
2024/2025,loans,E06000014,City of York Council,quarterly,zero_placeholders,standardised,,"Reported quarterly totals with zeros in between, rather than monthly figures. The quarterly total has been spread evenly across the three months."
2024/2025,loans,E06000019,Herefordshire Council,quarterly,zero_placeholders,standardised,,"Reported quarterly totals with zeros in between, rather than monthly figures. The quarterly total has been spread evenly across the three months."
2024/2025,loans,E09000031,London Borough of Waltham Forest,quarterly,zero_placeholders,standardised,,"Reported quarterly totals with zeros in between, rather than monthly figures. The quarterly total has been spread evenly across the three months."
2024/2025,loans,E09000021,Royal Borough of Kingston upon Thames,values,36998,replaced,3700,"Monthly return (August): August digital audiobook loans entered as 36,998, about ten times higher than other months (~3,700). Corrected to 3,700."
2024/2025,loans,E09000021,Royal Borough of Kingston upon Thames,total,,replaced,581661,"Annual headline total: Published total of 614,959 was inflated by the August typo. Adjusted total is 581,661."
2024/2025,loans,E08000014,Sefton Metropolitan Borough Council,quarterly,zero_placeholders,standardised,,"Reported quarterly totals with zeros in between, rather than monthly figures. The quarterly total has been spread evenly across the three months."
2024/2025,loans,E06000007,Warrington Borough Council,quarterly,zero_placeholders,standardised,,"Reported quarterly totals with zeros in between, rather than monthly figures. The quarterly total has been spread evenly across the three months."
2024/2025,visits,E06000008,Blackburn with Darwen Borough Council,quarterly,zero_placeholders,standardised,,"Reported quarterly totals with zeros in between, rather than monthly figures. The quarterly total has been spread evenly across the three months."
2024/2025,visits,E06000050,Cheshire West and Chester Council,quarterly,zero_placeholders,standardised,,"Reported quarterly totals with zeros in between, rather than monthly figures. The quarterly total has been spread evenly across the three months."
2024/2025,visits,E09000001,City of London Corporation,quarterly,zero_placeholders,standardised,,"Reported quarterly totals with zeros in between, rather than monthly figures. The quarterly total has been spread evenly across the three months."
2024/2025,visits,E08000006,Salford City Council,values,715224,replaced,66045,"Monthly return (March): March visits entered as 715,224, which is the total for the whole year rather than just March. Estimated March visits as 66,045 by deducting the other eleven months."
2024/2025,visits,E08000006,Salford City Council,total,,replaced,730854,"Annual headline total: Published total of 1,364,403 accidentally counted the annual total twice. Adjusted total is 730,854 visits."
2024/2025,visits,E08000014,Sefton Metropolitan Borough Council,values,508530,replaced,50853,"Quarterly return (Q1): First quarter visits entered as 508,530, about ten times higher than other quarters (~50,000). Corrected to 50,853."
2024/2025,visits,E08000014,Sefton Metropolitan Borough Council,total,,replaced,405059,"Annual headline total: Published total of 862,736 was inflated by the first quarter typo. Adjusted total is 405,059 visits."
2024/2025,visits,E08000014,Sefton Metropolitan Borough Council,quarterly,zero_placeholders,standardised,,"Reported quarterly totals with zeros in between, rather than monthly figures. The quarterly total has been spread evenly across the three months."
2024/2025,visits,E06000007,Warrington Borough Council,quarterly,zero_placeholders,standardised,,"Reported quarterly totals with zeros in between, rather than monthly figures. The quarterly total has been spread evenly across the three months."
2024/2025,wifi_sessions,E10000012,Essex County Council,quarterly,zero_placeholders,standardised,,"Reported quarterly totals with zeros in between, rather than monthly figures. The quarterly total has been spread evenly across the three months."
2024/2025,wifi_sessions,E06000016,Leicester City Council,quarterly,zero_placeholders,standardised,,"Reported quarterly totals with zeros in between, rather than monthly figures. The quarterly total has been spread evenly across the three months."
2024/2025,wifi_sessions,E09000024,London Borough of Merton,quarterly,zero_placeholders,standardised,,"Reported quarterly totals with zeros in between, rather than monthly figures. The quarterly total has been spread evenly across the three months."
2025/2026,attendance,E06000008,Blackburn with Darwen Borough Council,quarterly,zero_placeholders,standardised,,"Reported quarterly totals with zeros in between, rather than monthly figures. The quarterly total has been spread evenly across the three months."
2025/2026,attendance,E06000023,Bristol City Council,quarterly,zero_placeholders,standardised,,"Reported quarterly totals with zeros in between, rather than monthly figures. The quarterly total has been spread evenly across the three months."
2025/2026,attendance,E09000001,City of London Corporation,quarterly,zero_placeholders,standardised,,"Reported quarterly totals with zeros in between, rather than monthly figures. The quarterly total has been spread evenly across the three months."
2025/2026,attendance,E06000024,North Somerset  Council,quarterly,zero_placeholders,standardised,,"Reported quarterly totals with zeros in between, rather than monthly figures. The quarterly total has been spread evenly across the three months."
2025/2026,attendance,E06000007,Warrington Borough Council,quarterly,zero_placeholders,standardised,,"Reported quarterly totals with zeros in between, rather than monthly figures. The quarterly total has been spread evenly across the three months."
2025/2026,computer_usage,E06000060,Buckinghamshire Council,all,,replaced,// 60,All monthly returns: Computer time was recorded in minutes instead of hours. Converted to hours by dividing by 60.
2025/2026,computer_usage,E06000060,Buckinghamshire Council,total,,replaced,69281,"Annual headline total: Published total of 4,156,838 was recorded in minutes instead of hours. Converted to 69,281 hours."
2025/2026,computer_usage,E09000001,City of London Corporation,quarterly,zero_placeholders,standardised,,"Reported quarterly totals with zeros in between, rather than monthly figures. The quarterly total has been spread evenly across the three months."
2025/2026,computer_usage,E10000013,Gloucestershire County Council,values,55702,replaced,5702,"Monthly return (April): April computer hours entered as 55,702, with an accidental duplicate '5'. Other months range around 5,500. Corrected to 5,702."
2025/2026,computer_usage,E10000013,Gloucestershire County Council,total,,replaced,73285,"Annual headline total: Published total of 123,285 was inflated by 50,000 due to the April typo. Adjusted total is 73,285 hours."
2025/2026,computer_usage,E09000004,London Borough of Bexley,quarterly,zero_placeholders,standardised,,"Reported quarterly totals with zeros in between, rather than monthly figures. The quarterly total has been spread evenly across the three months."
2025/2026,events,E06000008,Blackburn with Darwen Borough Council,quarterly,zero_placeholders,standardised,,"Reported quarterly totals with zeros in between, rather than monthly figures. The quarterly total has been spread evenly across the three months."
2025/2026,events,E06000023,Bristol City Council,quarterly,zero_placeholders,standardised,,"Reported quarterly totals with zeros in between, rather than monthly figures. The quarterly total has been spread evenly across the three months."
2025/2026,events,E09000001,City of London Corporation,quarterly,zero_placeholders,standardised,,"Reported quarterly totals with zeros in between, rather than monthly figures. The quarterly total has been spread evenly across the three months."
2025/2026,events,E06000046,Isle of Wight Council,values,100183,replaced,183,"Monthly return (April): April events entered as 100,183, with an accidental '100' prefix. Category breakdown (109 adult + 74 children) indicates intended total was 183."
2025/2026,events,E06000046,Isle of Wight Council,total,,replaced,2889,"Annual headline total: Published total of 102,889 was inflated by 100,000 due to the April typo. Adjusted total is 2,889 events."
2025/2026,events,E06000024,North Somerset  Council,quarterly,zero_placeholders,standardised,,"Reported quarterly totals with zeros in between, rather than monthly figures. The quarterly total has been spread evenly across the three months."
2025/2026,events,E06000007,Warrington Borough Council,quarterly,zero_placeholders,standardised,,"Reported quarterly totals with zeros in between, rather than monthly figures. The quarterly total has been spread evenly across the three months."
2025/2026,loans,E06000058,"Bournemouth, Christchurch and Poole Council",values,44103,replaced,4103,"Monthly return (January): Adult ebook loans entered as 44,103, with an extra '4'. Deducting other categories from the monthly total gives 4,103."
2025/2026,loans,E06000058,"Bournemouth, Christchurch and Poole Council",total,,replaced,1226679,"Annual headline total: Published total of 1,266,679 was inflated by 40,000 due to the January typo. Adjusted total is 1,226,679 loans."
2025/2026,loans,E09000001,City of London Corporation,quarterly,zero_placeholders,standardised,,"Reported quarterly totals with zeros in between, rather than monthly figures. The quarterly total has been spread evenly across the three months."
2025/2026,loans,E10000013,Gloucestershire County Council,values,38556,replaced,3856,"Monthly return (February): February children's audiobook loans entered as 38,556, with an extra duplicate digit. Deducting other categories gives intended figure of 3,856."
2025/2026,loans,E10000013,Gloucestershire County Council,total,,replaced,2117936,"Annual headline total: Published total of 2,152,636 was inflated by 34,700 due to the February typo. Adjusted total is 2,117,936 loans."
2025/2026,loans,E06000019,Herefordshire Council,quarterly,zero_placeholders,standardised,,"Reported quarterly totals with zeros in between, rather than monthly figures. The quarterly total has been spread evenly across the three months."
2025/2026,loans,E09000004,London Borough of Bexley,quarterly,zero_placeholders,standardised,,"Reported quarterly totals with zeros in between, rather than monthly figures. The quarterly total has been spread evenly across the three months."
2025/2026,loans,E09000005,London Borough of Brent,values,313645,replaced,31365,"Monthly return (September): September adult book loans entered as 313,645, which exceeds total book loans (48,373). Category totals show intended figure was 31,365."
2025/2026,loans,E09000005,London Borough of Brent,total,,replaced,722848,"Annual headline total: Published total of 1,005,128 was inflated by the September typo. Adjusted total is 722,848 loans."
2025/2026,loans,E09000027,London Borough of Richmond upon Thames,quarterly,zero_placeholders,standardised,,"Reported quarterly totals with zeros in between, rather than monthly figures. The quarterly total has been spread evenly across the three months."
2025/2026,loans,E09000031,London Borough of Waltham Forest,quarterly,zero_placeholders,standardised,,"Reported quarterly totals with zeros in between, rather than monthly figures. The quarterly total has been spread evenly across the three months."
2025/2026,loans,E08000022,North Tyneside Council,values,208859,replaced,20859,"Monthly return (August): August children's book loans entered as 208,859, with an extra duplicate digit. Corrected to 20,859 to match category breakdown."
2025/2026,loans,E08000022,North Tyneside Council,total,,replaced,465496,"Annual headline total: Published total of 653,496 was inflated by the August typo. Adjusted total is 465,496 loans."
2025/2026,loans,E06000007,Warrington Borough Council,quarterly,zero_placeholders,standardised,,"Reported quarterly totals with zeros in between, rather than monthly figures. The quarterly total has been spread evenly across the three months."
2025/2026,loans,E06000062,West Northamptonshire Council,values,98017,replaced,9802,"Monthly return (July): July digital audiobook loans entered as 98,017, about ten times higher than other months (~9,800). Corrected to 9,802."
2025/2026,loans,E06000062,West Northamptonshire Council,total,,replaced,512917,"Annual headline total: Published total of 601,132 was inflated by the July typo. Adjusted total is 512,917 loans."
2025/2026,visits,E06000008,Blackburn with Darwen Borough Council,quarterly,zero_placeholders,standardised,,"Reported quarterly totals with zeros in between, rather than monthly figures. The quarterly total has been spread evenly across the three months."
2025/2026,visits,E06000006,Halton Borough Council,quarterly,zero_placeholders,standardised,,"Reported quarterly totals with zeros in between, rather than monthly figures. The quarterly total has been spread evenly across the three months."
2025/2026,visits,E09000004,London Borough of Bexley,quarterly,zero_placeholders,standardised,,"Reported quarterly totals with zeros in between, rather than monthly figures. The quarterly total has been spread evenly across the three months."
2025/2026,visits,E06000007,Warrington Borough Council,quarterly,zero_placeholders,standardised,,"Reported quarterly totals with zeros in between, rather than monthly figures. The quarterly total has been spread evenly across the three months."
2025/2026,wifi_sessions,E06000019,Herefordshire Council,quarterly,zero_placeholders,standardised,,"Reported quarterly totals with zeros in between, rather than monthly figures. The quarterly total has been spread evenly across the three months."
