Authority,Period,Age group,Count,Estimated count,Status,Notes
E09000001,2023-04-01/P1Y,Under 12,1278,,,
E09000001,2023-04-01/P1Y,Adult,15171,,,
E09000001,2023-04-01/P1Y,12-17,167,,,
E08000016,2023-04-01/P1Y,Unknown,13835,,,
E06000022,2023-04-01/P1Y,Unknown,23250,,,
E06000008,2023-04-01/P1Y,Under 12,3257,,,
E06000008,2023-04-01/P1Y,Adult,6315,,,
E06000008,2023-04-01/P1Y,12-17,958,,,
E06000009,2023-04-01/P1Y,Under 12,3558,,,
E06000009,2023-04-01/P1Y,Adult,4696,,,
E06000009,2023-04-01/P1Y,12-17,607,,,
E08000001,2023-04-01/P1Y,Under 12,6638,,,
E08000001,2023-04-01/P1Y,Adult,9028,,,
E08000001,2023-04-01/P1Y,12-17,2265,,,
E06000058,2023-04-01/P1Y,Unknown,40275,,,
E06000036,2023-04-01/P1Y,Under 12,46892,,suspicious,All category returns: Appears to reflect all historical card registrations rather than active borrowers within the last 12 months.
E06000036,2023-04-01/P1Y,Adult,174848,,suspicious,All category returns: Appears to reflect all historical card registrations rather than active borrowers within the last 12 months.
E06000036,2023-04-01/P1Y,12-17,37489,,suspicious,All category returns: Appears to reflect all historical card registrations rather than active borrowers within the last 12 months.
E08000032,2023-04-01/P1Y,Unknown,32861,,,
E09000005,2023-04-01/P1Y,Under 12,457,,suspicious,"Source audit: total_active_members: Annual: reported total 27,368; category sum 2,519; difference +24,849. Remainder may be uncategorised activity; not necessarily a reporting error. Values retained as reported pending source confirmation."
E09000005,2023-04-01/P1Y,Adult,1768,,suspicious,"Source audit: total_active_members: Annual: reported total 27,368; category sum 2,519; difference +24,849. Remainder may be uncategorised activity; not necessarily a reporting error. Values retained as reported pending source confirmation."
E09000005,2023-04-01/P1Y,12-17,294,,suspicious,"Source audit: total_active_members: Annual: reported total 27,368; category sum 2,519; difference +24,849. Remainder may be uncategorised activity; not necessarily a reporting error. Values retained as reported pending source confirmation."
E06000023,2023-04-01/P1Y,Under 12,16557,,,
E06000023,2023-04-01/P1Y,Adult,52886,,,
E06000023,2023-04-01/P1Y,12-17,3659,,,
E09000006,2023-04-01/P1Y,Under 12,9566,,,
E09000006,2023-04-01/P1Y,Adult,20770,,,
E09000006,2023-04-01/P1Y,12-17,3018,,,
E06000060,2023-04-01/P1Y,Under 12,12701,,,
E06000060,2023-04-01/P1Y,Adult,24577,,,
E06000060,2023-04-01/P1Y,12-17,2736,,,
E08000002,2023-04-01/P1Y,Adult,9603,,,
E08000033,2023-04-01/P1Y,Under 12,5384,,,
E08000033,2023-04-01/P1Y,Adult,10388,,,
E08000033,2023-04-01/P1Y,12-17,1657,,,
E10000003,2023-04-01/P1Y,Under 12,21048,,,
E10000003,2023-04-01/P1Y,Adult,33416,,,
E10000003,2023-04-01/P1Y,12-17,3729,,,
E06000056,2023-04-01/P1Y,Under 12,9562,,,
E06000056,2023-04-01/P1Y,Adult,14482,,,
E06000056,2023-04-01/P1Y,12-17,384,,,
E06000050,2023-04-01/P1Y,Under 12,13725,,,
E06000050,2023-04-01/P1Y,Adult,29320,,,
E06000050,2023-04-01/P1Y,12-17,2137,,,
E06000052,2023-04-01/P1Y,Under 12,13926,,suspicious,"Source audit: total_active_members: Annual: reported total 48,588; category sum 44,294; difference +4,294. Remainder may be uncategorised activity; not necessarily a reporting error. Values retained as reported pending source confirmation."
E06000052,2023-04-01/P1Y,Adult,26624,,suspicious,"Source audit: total_active_members: Annual: reported total 48,588; category sum 44,294; difference +4,294. Remainder may be uncategorised activity; not necessarily a reporting error. Values retained as reported pending source confirmation."
E06000052,2023-04-01/P1Y,12-17,3744,,suspicious,"Source audit: total_active_members: Annual: reported total 48,588; category sum 44,294; difference +4,294. Remainder may be uncategorised activity; not necessarily a reporting error. Values retained as reported pending source confirmation."
E08000026,2023-04-01/P1Y,Under 12,8607,,,
E08000026,2023-04-01/P1Y,Adult,9619,,,
E08000026,2023-04-01/P1Y,12-17,2520,,,
E06000063,2023-04-01/P1Y,Unknown,16804,,,
E06000005,2023-04-01/P1Y,Unknown,6664,,,
E06000015,2023-04-01/P1Y,Unknown,26699,,,
E10000007,2023-04-01/P1Y,Under 12,21964,,,
E10000007,2023-04-01/P1Y,Adult,51307,,,
E10000007,2023-04-01/P1Y,12-17,3982,,,
E10000008,2023-04-01/P1Y,Under 12,28493,,,
E10000008,2023-04-01/P1Y,Adult,83881,,,
E10000008,2023-04-01/P1Y,12-17,7997,,,
E08000017,2023-04-01/P1Y,Under 12,3719,,,
E08000017,2023-04-01/P1Y,Adult,9076,,,
E08000017,2023-04-01/P1Y,12-17,607,,,
E06000059,2023-04-01/P1Y,Under 12,7460,,,
E06000059,2023-04-01/P1Y,Adult,17585,,,
E06000059,2023-04-01/P1Y,12-17,1448,,,
E08000027,2023-04-01/P1Y,Unknown,28047,,,
E06000011,2023-04-01/P1Y,Under 12,9476,,,
E06000011,2023-04-01/P1Y,Adult,31012,,,
E06000011,2023-04-01/P1Y,12-17,2075,,,
E10000011,2023-04-01/P1Y,Unknown,42567,,,
E06000014,2023-04-01/P1Y,Unknown,24736,,,
E08000037,2023-04-01/P1Y,Under 12,3469,,,
E08000037,2023-04-01/P1Y,Adult,12627,,,
E08000037,2023-04-01/P1Y,12-17,769,,,
E09000011,2023-04-01/P1Y,Under 12,5335,,,
E09000011,2023-04-01/P1Y,Adult,19264,,,
E09000011,2023-04-01/P1Y,12-17,1262,,,
E09000012,2023-04-01/P1Y,Under 12,4947,,,
E09000012,2023-04-01/P1Y,Adult,9543,,,
E09000012,2023-04-01/P1Y,12-17,1703,,,
E06000006,2023-04-01/P1Y,Under 12,2099,,,
E06000006,2023-04-01/P1Y,Adult,4380,,,
E06000006,2023-04-01/P1Y,12-17,603,,,
E09000013,2023-04-01/P1Y,Unknown,20825,,,
E10000014,2023-04-01/P1Y,Unknown,149893,,,
E09000014,2023-04-01/P1Y,Under 12,8396,,suspicious,"Source audit: total_active_members: Annual: reported total 29,414; category sum 35,890; difference -6,476. Categories exceed total; check duplication, scope and reporting frequency. Event audiences may overlap. Values retained as reported pending source confirmation."
E09000014,2023-04-01/P1Y,Adult,24256,,suspicious,"Source audit: total_active_members: Annual: reported total 29,414; category sum 35,890; difference -6,476. Categories exceed total; check duplication, scope and reporting frequency. Event audiences may overlap. Values retained as reported pending source confirmation."
E09000014,2023-04-01/P1Y,12-17,3238,,suspicious,"Source audit: total_active_members: Annual: reported total 29,414; category sum 35,890; difference -6,476. Categories exceed total; check duplication, scope and reporting frequency. Event audiences may overlap. Values retained as reported pending source confirmation."
E09000015,2023-04-01/P1Y,Unknown,34260,,,
E06000001,2023-04-01/P1Y,Under 12,1069,,,
E06000001,2023-04-01/P1Y,Adult,2342,,,
E06000001,2023-04-01/P1Y,12-17,85,,,
E06000019,2023-04-01/P1Y,Unknown,18119,,,
E10000015,2023-04-01/P1Y,Under 12,16009,,,
E10000015,2023-04-01/P1Y,Adult,44073,,,
E10000015,2023-04-01/P1Y,12-17,6844,,,
E06000010,2023-04-01/P1Y,Unknown,17309,,,
E06000046,2023-04-01/P1Y,Unknown,11106,,,
E09000019,2023-04-01/P1Y,Unknown,22190,,,
E09000020,2023-04-01/P1Y,Under 12,2813,,suspicious,"Source audit: total_active_members: Annual: reported total 21,193; category sum 17,210; difference +3,983. Remainder may be uncategorised activity; not necessarily a reporting error. Values retained as reported pending source confirmation."
E09000020,2023-04-01/P1Y,Adult,13020,,suspicious,"Source audit: total_active_members: Annual: reported total 21,193; category sum 17,210; difference +3,983. Remainder may be uncategorised activity; not necessarily a reporting error. Values retained as reported pending source confirmation."
E09000020,2023-04-01/P1Y,12-17,1377,,suspicious,"Source audit: total_active_members: Annual: reported total 21,193; category sum 17,210; difference +3,983. Remainder may be uncategorised activity; not necessarily a reporting error. Values retained as reported pending source confirmation."
E10000016,2023-04-01/P1Y,Under 12,72545,,suspicious,"Source audit: total_active_members: Annual: reported total 120,154; category sum 187,116; difference -66,962. Categories exceed total; check duplication, scope and reporting frequency. Event audiences may overlap. Values retained as reported pending source confirmation."
E10000016,2023-04-01/P1Y,Adult,102253,,suspicious,"Source audit: total_active_members: Annual: reported total 120,154; category sum 187,116; difference -66,962. Categories exceed total; check duplication, scope and reporting frequency. Event audiences may overlap. Values retained as reported pending source confirmation."
E10000016,2023-04-01/P1Y,12-17,12318,,suspicious,"Source audit: total_active_members: Annual: reported total 120,154; category sum 187,116; difference -66,962. Categories exceed total; check duplication, scope and reporting frequency. Event audiences may overlap. Values retained as reported pending source confirmation."
E09000021,2023-04-01/P1Y,Under 12,5093,,,
E09000021,2023-04-01/P1Y,Adult,9169,,,
E09000021,2023-04-01/P1Y,12-17,1677,,,
E08000034,2023-04-01/P1Y,Adult,27270,,,
E08000011,2023-04-01/P1Y,Under 12,2488,,suspicious,"Source audit: total_active_members: Annual: reported total 7,254; category sum 6,596; difference +658. Remainder may be uncategorised activity; not necessarily a reporting error. Values retained as reported pending source confirmation."
E08000011,2023-04-01/P1Y,Adult,3669,,suspicious,"Source audit: total_active_members: Annual: reported total 7,254; category sum 6,596; difference +658. Remainder may be uncategorised activity; not necessarily a reporting error. Values retained as reported pending source confirmation."
E08000011,2023-04-01/P1Y,12-17,439,,suspicious,"Source audit: total_active_members: Annual: reported total 7,254; category sum 6,596; difference +658. Remainder may be uncategorised activity; not necessarily a reporting error. Values retained as reported pending source confirmation."
E09000022,2023-04-01/P1Y,Unknown,57275,,,
E10000017,2023-04-01/P1Y,Under 12,38107,,,
E10000017,2023-04-01/P1Y,Adult,66467,,,
E10000017,2023-04-01/P1Y,12-17,7728,,,
E06000016,2023-04-01/P1Y,Under 12,21822,,,
E06000016,2023-04-01/P1Y,Adult,31218,,,
E06000016,2023-04-01/P1Y,12-17,6387,,,
E10000018,2023-04-01/P1Y,Unknown,53096,,,
E09000023,2023-04-01/P1Y,Unknown,19187,,,
E10000019,2023-04-01/P1Y,Under 12,12483,,,
E10000019,2023-04-01/P1Y,Adult,28488,,,
E10000019,2023-04-01/P1Y,12-17,2582,,,
E09000002,2023-04-01/P1Y,Under 12,2511,,,
E09000002,2023-04-01/P1Y,Adult,4664,,,
E09000002,2023-04-01/P1Y,12-17,1429,,,
E09000003,2023-04-01/P1Y,Unknown,34487,,,
E09000004,2023-04-01/P1Y,Unknown,28809,,,
E09000007,2023-04-01/P1Y,Under 12,2298,,,
E09000007,2023-04-01/P1Y,Adult,8612,,,
E09000007,2023-04-01/P1Y,12-17,748,,,
E09000009,2023-04-01/P1Y,Under 12,6876,,,
E09000009,2023-04-01/P1Y,Adult,5064,,,
E09000009,2023-04-01/P1Y,12-17,32856,,,
E09000017,2023-04-01/P1Y,Under 12,14039,,,
E09000017,2023-04-01/P1Y,Adult,17431,,,
E09000017,2023-04-01/P1Y,12-17,2807,,,
E09000018,2023-04-01/P1Y,Under 12,5640,,,
E09000018,2023-04-01/P1Y,Adult,21371,,,
E09000018,2023-04-01/P1Y,12-17,2897,,,
E09000027,2023-04-01/P1Y,Under 12,6404,,,
E09000027,2023-04-01/P1Y,Adult,19823,,,
E09000027,2023-04-01/P1Y,12-17,2714,,,
E09000029,2023-04-01/P1Y,Under 12,7871,,,
E09000029,2023-04-01/P1Y,Adult,23473,,,
E09000029,2023-04-01/P1Y,12-17,3916,,,
E06000032,2023-04-01/P1Y,Unknown,12570,,,
E08000003,2023-04-01/P1Y,Under 12,18711,,,
E08000003,2023-04-01/P1Y,Adult,65091,,,
E08000003,2023-04-01/P1Y,12-17,8861,,,
E06000002,2023-04-01/P1Y,Under 12,1165,,,
E06000002,2023-04-01/P1Y,Adult,55,,,
E06000002,2023-04-01/P1Y,12-17,1490,,,
E08000021,2023-04-01/P1Y,Unknown,14225,,,
E09000025,2023-04-01/P1Y,Under 12,29681,,,
E09000025,2023-04-01/P1Y,Adult,29348,,,
E09000025,2023-04-01/P1Y,12-17,6880,,,
E10000020,2023-04-01/P1Y,Under 12,35589,,,
E10000020,2023-04-01/P1Y,Adult,100494,,,
E10000020,2023-04-01/P1Y,12-17,8404,,,
E06000012,2023-04-01/P1Y,Under 12,1839,,,
E06000012,2023-04-01/P1Y,Adult,6675,,,
E06000012,2023-04-01/P1Y,12-17,411,,,
E06000013,2023-04-01/P1Y,Under 12,4222,,,
E06000013,2023-04-01/P1Y,Adult,7096,,,
E06000024,2023-04-01/P1Y,Under 12,7712,,,
E06000024,2023-04-01/P1Y,Adult,18998,,,
E06000024,2023-04-01/P1Y,12-17,948,,,
E08000022,2023-04-01/P1Y,Under 12,5376,,,
E08000022,2023-04-01/P1Y,Adult,14485,,,
E08000022,2023-04-01/P1Y,12-17,838,,,
E06000065,2023-04-01/P1Y,Unknown,58510,,,
E06000057,2023-04-01/P1Y,Unknown,20130,,,
E06000018,2023-04-01/P1Y,Under 12,8253,,,
E06000018,2023-04-01/P1Y,Adult,26467,,,
E06000018,2023-04-01/P1Y,12-17,3333,,,
E10000024,2023-04-01/P1Y,Unknown,108627,,,
E08000004,2023-04-01/P1Y,Under 12,5814,,,
E08000004,2023-04-01/P1Y,Adult,7514,,,
E08000004,2023-04-01/P1Y,12-17,1443,,,
E10000025,2023-04-01/P1Y,Under 12,27233,,,
E10000025,2023-04-01/P1Y,Adult,4763,,,
E10000025,2023-04-01/P1Y,12-17,38877,,,
E06000031,2023-04-01/P1Y,Under 12,42581,,suspicious,All category returns: Appears to reflect all historical card registrations rather than active borrowers within the last 12 months.
E06000031,2023-04-01/P1Y,Adult,115112,,suspicious,All category returns: Appears to reflect all historical card registrations rather than active borrowers within the last 12 months.
E06000031,2023-04-01/P1Y,12-17,13064,,suspicious,All category returns: Appears to reflect all historical card registrations rather than active borrowers within the last 12 months.
E06000044,2023-04-01/P1Y,Under 12,5056,,,
E06000044,2023-04-01/P1Y,Adult,9256,,,
E06000044,2023-04-01/P1Y,12-17,574,,,
E06000038,2023-04-01/P1Y,Unknown,12938,,,
E08000005,2023-04-01/P1Y,Under 12,5688,,,
E08000005,2023-04-01/P1Y,Adult,6893,,,
E08000005,2023-04-01/P1Y,12-17,400,,,
E08000018,2023-04-01/P1Y,Unknown,15008,,,
E06000040,2023-04-01/P1Y,Unknown,16024,,,
E06000017,2023-04-01/P1Y,Under 12,1281,,,
E06000017,2023-04-01/P1Y,Adult,4031,,,
E06000017,2023-04-01/P1Y,12-17,252,,,
E08000006,2023-04-01/P1Y,Unknown,19049,,,
E08000028,2023-04-01/P1Y,Under 12,6812,,,
E08000028,2023-04-01/P1Y,Adult,9192,,,
E08000028,2023-04-01/P1Y,12-17,2782,,,
E08000014,2023-04-01/P1Y,Under 12,8665,,,
E08000014,2023-04-01/P1Y,Adult,23080,,,
E08000014,2023-04-01/P1Y,12-17,4259,,,
E08000019,2023-04-01/P1Y,Unknown,66280,,,
E06000051,2023-04-01/P1Y,Unknown,35900,,,
E08000029,2023-04-01/P1Y,Unknown,16539,,,
E06000066,2023-04-01/P1Y,Under 12,18251,,,
E06000066,2023-04-01/P1Y,Adult,49728,,,
E06000066,2023-04-01/P1Y,12-17,2499,,,
E06000025,2023-04-01/P1Y,Under 12,20126,,,
E06000025,2023-04-01/P1Y,Adult,23972,,,
E06000025,2023-04-01/P1Y,12-17,1628,,,
E08000023,2023-04-01/P1Y,Under 12,4295,,,
E08000023,2023-04-01/P1Y,Adult,6893,,,
E08000023,2023-04-01/P1Y,12-17,302,,,
E06000045,2023-04-01/P1Y,Unknown,19790,,,
E09000028,2023-04-01/P1Y,Unknown,31382,,,
E08000013,2023-04-01/P1Y,Under 12,3696,,,
E08000013,2023-04-01/P1Y,Adult,5990,,,
E08000013,2023-04-01/P1Y,12-17,485,,,
E10000028,2023-04-01/P1Y,Under 12,17369,,,
E10000028,2023-04-01/P1Y,Adult,34042,,,
E10000028,2023-04-01/P1Y,12-17,8556,,,
E08000007,2023-04-01/P1Y,Unknown,23189,,,
E06000004,2023-04-01/P1Y,Under 12,4796,,,
E06000004,2023-04-01/P1Y,Adult,10145,,,
E06000004,2023-04-01/P1Y,12-17,336,,,
E06000021,2023-04-01/P1Y,Under 12,4255,,,
E06000021,2023-04-01/P1Y,Adult,10153,,,
E06000021,2023-04-01/P1Y,12-17,2355,,,
E08000024,2023-04-01/P1Y,Unknown,6191,,,
E10000030,2023-04-01/P1Y,Under 12,45848,,,
E10000030,2023-04-01/P1Y,Adult,127083,,,
E10000030,2023-04-01/P1Y,12-17,11490,,,
E06000030,2023-04-01/P1Y,Under 12,4710,,,
E06000030,2023-04-01/P1Y,Adult,8154,,,
E06000030,2023-04-01/P1Y,12-17,1502,,,
E08000008,2023-04-01/P1Y,Unknown,14742,,,
E06000020,2023-04-01/P1Y,Unknown,11281,,,
E06000034,2023-04-01/P1Y,Under 12,6033,,suspicious,"Source audit: total_active_members: Annual: reported total 19,871; category sum 19,420; difference +451. Remainder may be uncategorised activity; not necessarily a reporting error. Values retained as reported pending source confirmation."
E06000034,2023-04-01/P1Y,Adult,11548,,suspicious,"Source audit: total_active_members: Annual: reported total 19,871; category sum 19,420; difference +451. Remainder may be uncategorised activity; not necessarily a reporting error. Values retained as reported pending source confirmation."
E06000034,2023-04-01/P1Y,12-17,1839,,suspicious,"Source audit: total_active_members: Annual: reported total 19,871; category sum 19,420; difference +451. Remainder may be uncategorised activity; not necessarily a reporting error. Values retained as reported pending source confirmation."
E06000027,2023-04-01/P1Y,Under 12,3421,,,
E06000027,2023-04-01/P1Y,Adult,11733,,,
E06000027,2023-04-01/P1Y,12-17,1124,,,
E09000030,2023-04-01/P1Y,Under 12,6129,,suspicious,"Source audit: total_active_members: Annual: reported total 25,035; category sum 23,906; difference +1,129. Remainder may be uncategorised activity; not necessarily a reporting error. Values retained as reported pending source confirmation."
E09000030,2023-04-01/P1Y,Adult,14667,,suspicious,"Source audit: total_active_members: Annual: reported total 25,035; category sum 23,906; difference +1,129. Remainder may be uncategorised activity; not necessarily a reporting error. Values retained as reported pending source confirmation."
E09000030,2023-04-01/P1Y,12-17,3110,,suspicious,"Source audit: total_active_members: Annual: reported total 25,035; category sum 23,906; difference +1,129. Remainder may be uncategorised activity; not necessarily a reporting error. Values retained as reported pending source confirmation."
E09000026,2023-04-01/P1Y,Under 12,10277,,,
E09000026,2023-04-01/P1Y,Adult,14729,,,
E09000026,2023-04-01/P1Y,12-17,4201,,,
E08000036,2023-04-01/P1Y,Under 12,6086,,,
E08000036,2023-04-01/P1Y,Adult,22275,,,
E08000036,2023-04-01/P1Y,12-17,2826,,,
E08000030,2023-04-01/P1Y,Under 12,10846,,suspicious,"Source audit: total_active_members: Annual: reported total 35,449; category sum 31,773; difference +3,676. Remainder may be uncategorised activity; not necessarily a reporting error. Values retained as reported pending source confirmation."
E08000030,2023-04-01/P1Y,Adult,18496,,suspicious,"Source audit: total_active_members: Annual: reported total 35,449; category sum 31,773; difference +3,676. Remainder may be uncategorised activity; not necessarily a reporting error. Values retained as reported pending source confirmation."
E08000030,2023-04-01/P1Y,12-17,2431,,suspicious,"Source audit: total_active_members: Annual: reported total 35,449; category sum 31,773; difference +3,676. Remainder may be uncategorised activity; not necessarily a reporting error. Values retained as reported pending source confirmation."
E09000032,2023-04-01/P1Y,Under 12,11432,,suspicious,"Source audit: total_active_members: Annual: reported total 44,705; category sum 37,353; difference +7,352. Remainder may be uncategorised activity; not necessarily a reporting error. Values retained as reported pending source confirmation."
E09000032,2023-04-01/P1Y,Adult,22252,,suspicious,"Source audit: total_active_members: Annual: reported total 44,705; category sum 37,353; difference +7,352. Remainder may be uncategorised activity; not necessarily a reporting error. Values retained as reported pending source confirmation."
E09000032,2023-04-01/P1Y,12-17,3669,,suspicious,"Source audit: total_active_members: Annual: reported total 44,705; category sum 37,353; difference +7,352. Remainder may be uncategorised activity; not necessarily a reporting error. Values retained as reported pending source confirmation."
E06000007,2023-04-01/P1Y,Unknown,16992,,,
E10000031,2023-04-01/P1Y,Unknown,58754,,,
E06000037,2023-04-01/P1Y,Under 12,4744,,,
E06000037,2023-04-01/P1Y,Adult,8745,,,
E06000037,2023-04-01/P1Y,12-17,1372,,,
E10000032,2023-04-01/P1Y,Under 12,46932,,,
E10000032,2023-04-01/P1Y,Adult,93575,,,
E10000032,2023-04-01/P1Y,12-17,4805,,,
E09000033,2023-04-01/P1Y,Under 12,4893,,suspicious,"Source audit: total_active_members: Annual: reported total 38,544; category sum 34,326; difference +4,218. Remainder may be uncategorised activity; not necessarily a reporting error. Values retained as reported pending source confirmation."
E09000033,2023-04-01/P1Y,Adult,26738,,suspicious,"Source audit: total_active_members: Annual: reported total 38,544; category sum 34,326; difference +4,218. Remainder may be uncategorised activity; not necessarily a reporting error. Values retained as reported pending source confirmation."
E09000033,2023-04-01/P1Y,12-17,2695,,suspicious,"Source audit: total_active_members: Annual: reported total 38,544; category sum 34,326; difference +4,218. Remainder may be uncategorised activity; not necessarily a reporting error. Values retained as reported pending source confirmation."
E06000064,2023-04-01/P1Y,Unknown,17670,,,
E08000010,2023-04-01/P1Y,Unknown,7961,,,
E06000054,2023-04-01/P1Y,Under 12,18194,,,
E06000054,2023-04-01/P1Y,Adult,29579,,,
E06000054,2023-04-01/P1Y,12-17,2661,,,
E08000015,2023-04-01/P1Y,Under 12,6571,,,
E08000015,2023-04-01/P1Y,Adult,10557,,,
E08000015,2023-04-01/P1Y,12-17,1024,,,
E08000031,2023-04-01/P1Y,Under 12,7102,,,
E08000031,2023-04-01/P1Y,Adult,12624,,,
E08000031,2023-04-01/P1Y,12-17,1436,,,
E10000034,2023-04-01/P1Y,Under 12,11025,,,
E10000034,2023-04-01/P1Y,Adult,33259,,,
E10000034,2023-04-01/P1Y,12-17,2142,,,
E09000003,2024-04-01/P1Y,Unknown,28753,,,
E08000016,2024-04-01/P1Y,Unknown,13371,,,
E06000022,2024-04-01/P1Y,Under 12,4849,,,
E06000022,2024-04-01/P1Y,Adult,15314,,,
E06000022,2024-04-01/P1Y,12-17,1005,,,
E08000025,2024-04-01/P1Y,Under 12,20085,,,
E08000025,2024-04-01/P1Y,Adult,36438,,,
E08000025,2024-04-01/P1Y,12-17,6556,,,
E06000008,2024-04-01/P1Y,Under 12,2911,,,
E06000008,2024-04-01/P1Y,Adult,8782,,,
E06000008,2024-04-01/P1Y,12-17,879,,,
E06000009,2024-04-01/P1Y,Adult,10403,,,
E08000001,2024-04-01/P1Y,Unknown,17669,,,
E06000058,2024-04-01/P1Y,Under 12,9900,,,
E06000058,2024-04-01/P1Y,Adult,18020,,,
E06000058,2024-04-01/P1Y,12-17,1460,,,
E08000032,2024-04-01/P1Y,Under 12,22427,,,
E09000005,2024-04-01/P1Y,Under 12,6758,,,
E09000005,2024-04-01/P1Y,Adult,12677,,,
E09000005,2024-04-01/P1Y,12-17,2728,,,
E06000023,2024-04-01/P1Y,Under 12,15543,,,
E06000023,2024-04-01/P1Y,Adult,55613,,,
E06000023,2024-04-01/P1Y,12-17,4176,,,
E09000006,2024-04-01/P1Y,Under 12,8880,,,
E09000006,2024-04-01/P1Y,Adult,19344,,,
E09000006,2024-04-01/P1Y,12-17,2782,,,
E08000033,2024-04-01/P1Y,Under 12,5953,,,
E08000033,2024-04-01/P1Y,Adult,11244,,,
E08000033,2024-04-01/P1Y,12-17,1528,,,
E10000003,2024-04-01/P1Y,Under 12,24525,,,
E10000003,2024-04-01/P1Y,Adult,68534,,,
E10000003,2024-04-01/P1Y,12-17,7197,,,
E06000049,2024-04-01/P1Y,Unknown,44774,,,
E06000050,2024-04-01/P1Y,Unknown,37455,,,
E09000001,2024-04-01/P1Y,Under 12,1362,,,
E09000001,2024-04-01/P1Y,Adult,17497,,,
E09000001,2024-04-01/P1Y,12-17,218,,,
E06000052,2024-04-01/P1Y,Under 12,13814,,suspicious,"Source audit: total_active_members: Annual: reported total 48,654; category sum 45,677; difference +2,977. Remainder may be uncategorised activity; not necessarily a reporting error. Values retained as reported pending source confirmation."
E06000052,2024-04-01/P1Y,Adult,27668,,suspicious,"Source audit: total_active_members: Annual: reported total 48,654; category sum 45,677; difference +2,977. Remainder may be uncategorised activity; not necessarily a reporting error. Values retained as reported pending source confirmation."
E06000052,2024-04-01/P1Y,12-17,4195,,suspicious,"Source audit: total_active_members: Annual: reported total 48,654; category sum 45,677; difference +2,977. Remainder may be uncategorised activity; not necessarily a reporting error. Values retained as reported pending source confirmation."
E08000026,2024-04-01/P1Y,Unknown,20649,,,
E09000008,2024-04-01/P1Y,Under 12,10238,,,
E09000008,2024-04-01/P1Y,Adult,25968,,,
E09000008,2024-04-01/P1Y,12-17,4199,,,
E06000063,2024-04-01/P1Y,Unknown,16582,,,
E06000005,2024-04-01/P1Y,Unknown,7038,,,
E10000007,2024-04-01/P1Y,Under 12,23319,,,
E10000007,2024-04-01/P1Y,Adult,5835,,,
E10000007,2024-04-01/P1Y,12-17,51776,,,
E10000008,2024-04-01/P1Y,Under 12,26536,,,
E10000008,2024-04-01/P1Y,Adult,79448,,,
E10000008,2024-04-01/P1Y,12-17,7677,,,
E08000017,2024-04-01/P1Y,Under 12,4477,,,
E08000017,2024-04-01/P1Y,Adult,13548,,,
E08000017,2024-04-01/P1Y,12-17,1094,,,
E06000059,2024-04-01/P1Y,Unknown,46758,,,
E09000009,2024-04-01/P1Y,Under 12,4201,,,
E09000009,2024-04-01/P1Y,Adult,14614,,,
E09000009,2024-04-01/P1Y,12-17,2147,,,
E06000011,2024-04-01/P1Y,Under 12,8548,,suspicious,"Source audit: total_active_members: Annual: reported total 41,429; category sum 40,180; difference +1,249. Remainder may be uncategorised activity; not necessarily a reporting error. Values retained as reported pending source confirmation."
E06000011,2024-04-01/P1Y,Adult,30736,,suspicious,"Source audit: total_active_members: Annual: reported total 41,429; category sum 40,180; difference +1,249. Remainder may be uncategorised activity; not necessarily a reporting error. Values retained as reported pending source confirmation."
E06000011,2024-04-01/P1Y,12-17,896,,suspicious,"Source audit: total_active_members: Annual: reported total 41,429; category sum 40,180; difference +1,249. Remainder may be uncategorised activity; not necessarily a reporting error. Values retained as reported pending source confirmation."
E10000011,2024-04-01/P1Y,Unknown,48670,,,
E09000010,2024-04-01/P1Y,Under 12,2872,,,
E09000010,2024-04-01/P1Y,Adult,10747,,,
E09000010,2024-04-01/P1Y,12-17,2404,,,
E10000012,2024-04-01/P1Y,Under 12,56642,,,
E10000012,2024-04-01/P1Y,Adult,120625,,,
E10000012,2024-04-01/P1Y,12-17,12483,,,
E08000037,2024-04-01/P1Y,Under 12,5926,,suspicious,"Source audit: total_active_members: Annual: reported total 28,783; category sum 27,296; difference +1,487. Remainder may be uncategorised activity; not necessarily a reporting error. Values retained as reported pending source confirmation."
E08000037,2024-04-01/P1Y,Adult,16314,,suspicious,"Source audit: total_active_members: Annual: reported total 28,783; category sum 27,296; difference +1,487. Remainder may be uncategorised activity; not necessarily a reporting error. Values retained as reported pending source confirmation."
E08000037,2024-04-01/P1Y,12-17,5056,,suspicious,"Source audit: total_active_members: Annual: reported total 28,783; category sum 27,296; difference +1,487. Remainder may be uncategorised activity; not necessarily a reporting error. Values retained as reported pending source confirmation."
E10000013,2024-04-01/P1Y,Unknown,65926,,,
E09000011,2024-04-01/P1Y,Under 12,3504,,,
E09000011,2024-04-01/P1Y,Adult,19151,,,
E09000011,2024-04-01/P1Y,12-17,2030,,,
E09000012,2024-04-01/P1Y,Under 12,4953,,,
E09000012,2024-04-01/P1Y,Adult,34643,,,
E09000012,2024-04-01/P1Y,12-17,7962,,,
E10000014,2024-04-01/P1Y,Unknown,147413,,,
E06000001,2024-04-01/P1Y,Under 12,842,,,
E06000001,2024-04-01/P1Y,Adult,2330,,,
E06000001,2024-04-01/P1Y,12-17,81,,,
E09000016,2024-04-01/P1Y,Adult,17971,,,
E06000019,2024-04-01/P1Y,Under 12,2951,,,
E06000019,2024-04-01/P1Y,Adult,9169,,,
E06000019,2024-04-01/P1Y,12-17,772,,,
E09000017,2024-04-01/P1Y,Under 12,11922,,,
E09000017,2024-04-01/P1Y,Adult,16097,,,
E09000017,2024-04-01/P1Y,12-17,3436,,,
E06000046,2024-04-01/P1Y,Unknown,9696,,,
E10000016,2024-04-01/P1Y,Under 12,62259,,suspicious,"Source audit: total_active_members: Annual: reported total 120,725; category sum 182,691; difference -61,966. Categories exceed total; check duplication, scope and reporting frequency. Event audiences may overlap. Values retained as reported pending source confirmation."
E10000016,2024-04-01/P1Y,Adult,101500,,suspicious,"Source audit: total_active_members: Annual: reported total 120,725; category sum 182,691; difference -61,966. Categories exceed total; check duplication, scope and reporting frequency. Event audiences may overlap. Values retained as reported pending source confirmation."
E10000016,2024-04-01/P1Y,12-17,18932,,suspicious,"Source audit: total_active_members: Annual: reported total 120,725; category sum 182,691; difference -61,966. Categories exceed total; check duplication, scope and reporting frequency. Event audiences may overlap. Values retained as reported pending source confirmation."
E09000021,2024-04-01/P1Y,Unknown,15990,,,
E08000034,2024-04-01/P1Y,Under 12,0,,,
E08000034,2024-04-01/P1Y,Adult,0,,,
E08000034,2024-04-01/P1Y,12-17,0,,,
E08000011,2024-04-01/P1Y,Under 12,2514,,,
E08000011,2024-04-01/P1Y,Adult,4226,,,
E08000011,2024-04-01/P1Y,12-17,361,,,
E06000016,2024-04-01/P1Y,Under 12,18533,,,
E06000016,2024-04-01/P1Y,Adult,30566,,,
E06000016,2024-04-01/P1Y,12-17,5963,,,
E09000023,2024-04-01/P1Y,Under 12,5109,,,
E09000023,2024-04-01/P1Y,Adult,10757,,,
E09000023,2024-04-01/P1Y,12-17,1485,,,
E10000019,2024-04-01/P1Y,Under 12,11844,,,
E10000019,2024-04-01/P1Y,Adult,29057,,,
E10000019,2024-04-01/P1Y,12-17,2976,,,
E08000012,2024-04-01/P1Y,Under 12,6138,,,
E08000012,2024-04-01/P1Y,Adult,2270,,,
E08000012,2024-04-01/P1Y,12-17,21367,,,
E08000003,2024-04-01/P1Y,Under 12,14399,,,
E08000003,2024-04-01/P1Y,Adult,59382,,,
E08000003,2024-04-01/P1Y,12-17,8818,,,
E09000024,2024-04-01/P1Y,Unknown,60695,,,
E08000021,2024-04-01/P1Y,Adult,9825,,,
E06000012,2024-04-01/P1Y,Under 12,1399,,,
E06000012,2024-04-01/P1Y,Adult,3361,,,
E06000012,2024-04-01/P1Y,12-17,233,,,
E06000013,2024-04-01/P1Y,Under 12,5530,,,
E06000013,2024-04-01/P1Y,Adult,1279,,,
E06000013,2024-04-01/P1Y,12-17,9304,,,
E06000061,2024-04-01/P1Y,Under 12,6592,,,
E06000061,2024-04-01/P1Y,Adult,10081,,,
E06000061,2024-04-01/P1Y,12-17,1058,,,
E06000024,2024-04-01/P1Y,Under 12,7212,,,
E06000024,2024-04-01/P1Y,Adult,18929,,,
E06000024,2024-04-01/P1Y,12-17,1244,,,
E08000022,2024-04-01/P1Y,Under 12,9448,,,
E08000022,2024-04-01/P1Y,Adult,16321,,,
E08000022,2024-04-01/P1Y,12-17,1865,,,
E06000065,2024-04-01/P1Y,Unknown,55895,,,
E06000057,2024-04-01/P1Y,Adult,12957,,,
E06000018,2024-04-01/P1Y,Under 12,9284,,,
E06000018,2024-04-01/P1Y,Adult,26702,,,
E06000018,2024-04-01/P1Y,12-17,3910,,,
E10000024,2024-04-01/P1Y,Under 12,37961,,,
E10000024,2024-04-01/P1Y,Adult,63174,,,
E10000024,2024-04-01/P1Y,12-17,7555,,,
E08000004,2024-04-01/P1Y,Under 12,5622,,,
E08000004,2024-04-01/P1Y,Adult,7808,,,
E08000004,2024-04-01/P1Y,12-17,1364,,,
E10000025,2024-04-01/P1Y,Under 12,25964,,,
E10000025,2024-04-01/P1Y,Adult,38302,,,
E10000025,2024-04-01/P1Y,12-17,4543,,,
E06000031,2024-04-01/P1Y,Under 12,3441,,suspicious,"Source audit: total_active_members: 2023/2024: 170,757; 2024/2025: 14,690 (0.09 times; -91.4%). Check units, collection scope and completeness; a change alone does not prove error. Values retained as reported pending source confirmation."
E06000031,2024-04-01/P1Y,Adult,10177,,suspicious,"Source audit: total_active_members: 2023/2024: 170,757; 2024/2025: 14,690 (0.09 times; -91.4%). Check units, collection scope and completeness; a change alone does not prove error. Values retained as reported pending source confirmation."
E06000031,2024-04-01/P1Y,12-17,1072,,suspicious,"Source audit: total_active_members: 2023/2024: 170,757; 2024/2025: 14,690 (0.09 times; -91.4%). Check units, collection scope and completeness; a change alone does not prove error. Values retained as reported pending source confirmation."
E06000038,2024-04-01/P1Y,Unknown,17176,,,
E09000026,2024-04-01/P1Y,Under 12,3270,,,
E09000026,2024-04-01/P1Y,Adult,10221,,,
E09000026,2024-04-01/P1Y,12-17,1974,,,
E06000003,2024-04-01/P1Y,Under 12,1596,,,
E06000003,2024-04-01/P1Y,Adult,4189,,,
E06000003,2024-04-01/P1Y,12-17,85,,,
E09000027,2024-04-01/P1Y,Under 12,6688,,,
E09000027,2024-04-01/P1Y,Adult,19967,,,
E09000027,2024-04-01/P1Y,12-17,1748,,,
E08000005,2024-04-01/P1Y,Under 12,4281,,,
E08000005,2024-04-01/P1Y,Adult,6383,,,
E08000005,2024-04-01/P1Y,12-17,1052,,,
E08000018,2024-04-01/P1Y,Under 12,6768,,,
E08000018,2024-04-01/P1Y,Adult,7978,,,
E08000018,2024-04-01/P1Y,12-17,973,,,
E06000017,2024-04-01/P1Y,Under 12,1263,,suspicious,"Source audit: total_active_members: Annual: reported total 5,860; category sum 5,742; difference +118. Remainder may be uncategorised activity; not necessarily a reporting error. Values retained as reported pending source confirmation."
E06000017,2024-04-01/P1Y,Adult,4125,,suspicious,"Source audit: total_active_members: Annual: reported total 5,860; category sum 5,742; difference +118. Remainder may be uncategorised activity; not necessarily a reporting error. Values retained as reported pending source confirmation."
E06000017,2024-04-01/P1Y,12-17,354,,suspicious,"Source audit: total_active_members: Annual: reported total 5,860; category sum 5,742; difference +118. Remainder may be uncategorised activity; not necessarily a reporting error. Values retained as reported pending source confirmation."
E08000006,2024-04-01/P1Y,Unknown,18495,,,
E08000028,2024-04-01/P1Y,Under 12,6497,,,
E08000028,2024-04-01/P1Y,Adult,13590,,,
E08000028,2024-04-01/P1Y,12-17,2498,,,
E08000014,2024-04-01/P1Y,Under 12,13578,,suspicious,"Source audit: total_active_members: 192,095 active borrowers equals 67% of ONS mid-2024 population (286,281). Non-resident members are possible; check active versus registered members. | total_active_members: Annual: reported total 192,095; category sum 179,395; difference +12,700. Remainder may be uncategorised activity; not necessarily a reporting error. | total_active_members: 2023/2024: 36,004; 2024/2025: 192,095 (5.34 times; +433.5%). Check units, collection scope and completeness; a change alone does not prove error. Values retained as reported pending source confirmation."
E08000014,2024-04-01/P1Y,Adult,164409,,suspicious,"Source audit: total_active_members: 192,095 active borrowers equals 67% of ONS mid-2024 population (286,281). Non-resident members are possible; check active versus registered members. | total_active_members: Annual: reported total 192,095; category sum 179,395; difference +12,700. Remainder may be uncategorised activity; not necessarily a reporting error. | total_active_members: 2023/2024: 36,004; 2024/2025: 192,095 (5.34 times; +433.5%). Check units, collection scope and completeness; a change alone does not prove error. Values retained as reported pending source confirmation."
E08000014,2024-04-01/P1Y,12-17,1408,,suspicious,"Source audit: total_active_members: 192,095 active borrowers equals 67% of ONS mid-2024 population (286,281). Non-resident members are possible; check active versus registered members. | total_active_members: Annual: reported total 192,095; category sum 179,395; difference +12,700. Remainder may be uncategorised activity; not necessarily a reporting error. | total_active_members: 2023/2024: 36,004; 2024/2025: 192,095 (5.34 times; +433.5%). Check units, collection scope and completeness; a change alone does not prove error. Values retained as reported pending source confirmation."
E08000019,2024-04-01/P1Y,Under 12,21323,,,
E08000019,2024-04-01/P1Y,Adult,40343,,,
E08000019,2024-04-01/P1Y,12-17,1132,,,
E06000051,2024-04-01/P1Y,Unknown,34509,,,
E06000025,2024-04-01/P1Y,Under 12,14515,,,
E06000025,2024-04-01/P1Y,Adult,24599,,,
E06000025,2024-04-01/P1Y,12-17,2045,,,
E08000023,2024-04-01/P1Y,Under 12,4902,,,
E08000023,2024-04-01/P1Y,Adult,8751,,,
E08000023,2024-04-01/P1Y,12-17,1790,,,
E09000028,2024-04-01/P1Y,Unknown,32160,,,
E08000013,2024-04-01/P1Y,Under 12,3105,,suspicious,"Source audit: total_active_members: Annual: reported total 25,987; category sum 9,079; difference +16,908. Remainder may be uncategorised activity; not necessarily a reporting error. Values retained as reported pending source confirmation."
E08000013,2024-04-01/P1Y,Adult,5512,,suspicious,"Source audit: total_active_members: Annual: reported total 25,987; category sum 9,079; difference +16,908. Remainder may be uncategorised activity; not necessarily a reporting error. Values retained as reported pending source confirmation."
E08000013,2024-04-01/P1Y,12-17,462,,suspicious,"Source audit: total_active_members: Annual: reported total 25,987; category sum 9,079; difference +16,908. Remainder may be uncategorised activity; not necessarily a reporting error. Values retained as reported pending source confirmation."
E10000028,2024-04-01/P1Y,Under 12,25461,,suspicious,"Source audit: total_active_members: Annual: reported total 66,041; category sum 63,200; difference +2,841. Remainder may be uncategorised activity; not necessarily a reporting error. Values retained as reported pending source confirmation."
E10000028,2024-04-01/P1Y,Adult,33392,,suspicious,"Source audit: total_active_members: Annual: reported total 66,041; category sum 63,200; difference +2,841. Remainder may be uncategorised activity; not necessarily a reporting error. Values retained as reported pending source confirmation."
E10000028,2024-04-01/P1Y,12-17,4347,,suspicious,"Source audit: total_active_members: Annual: reported total 66,041; category sum 63,200; difference +2,841. Remainder may be uncategorised activity; not necessarily a reporting error. Values retained as reported pending source confirmation."
E06000004,2024-04-01/P1Y,Under 12,4723,,,
E06000004,2024-04-01/P1Y,Adult,9560,,,
E06000004,2024-04-01/P1Y,12-17,282,,,
E06000021,2024-04-01/P1Y,Under 12,4683,,,
E06000021,2024-04-01/P1Y,Adult,8787,,,
E06000021,2024-04-01/P1Y,12-17,1985,,,
E08000024,2024-04-01/P1Y,Under 12,6489,,suspicious,"Source audit: total_active_members: 2023/2024: 6,191; 2024/2025: 39,147 (6.32 times; +532.3%). Check units, collection scope and completeness; a change alone does not prove error. Values retained as reported pending source confirmation."
E08000024,2024-04-01/P1Y,Adult,27100,,suspicious,"Source audit: total_active_members: 2023/2024: 6,191; 2024/2025: 39,147 (6.32 times; +532.3%). Check units, collection scope and completeness; a change alone does not prove error. Values retained as reported pending source confirmation."
E08000024,2024-04-01/P1Y,12-17,5558,,suspicious,"Source audit: total_active_members: 2023/2024: 6,191; 2024/2025: 39,147 (6.32 times; +532.3%). Check units, collection scope and completeness; a change alone does not prove error. Values retained as reported pending source confirmation."
E10000030,2024-04-01/P1Y,Under 12,43438,,,
E10000030,2024-04-01/P1Y,Adult,125182,,,
E10000030,2024-04-01/P1Y,12-17,11057,,,
E09000029,2024-04-01/P1Y,Under 12,8606,,,
E09000029,2024-04-01/P1Y,Adult,22797,,,
E09000029,2024-04-01/P1Y,12-17,3311,,,
E06000020,2024-04-01/P1Y,Unknown,9664,,,
E06000034,2024-04-01/P1Y,Under 12,6168,,,
E06000034,2024-04-01/P1Y,Adult,14835,,,
E06000034,2024-04-01/P1Y,12-17,3419,,,
E06000027,2024-04-01/P1Y,Under 12,3157,,,
E06000027,2024-04-01/P1Y,Adult,11351,,,
E06000027,2024-04-01/P1Y,12-17,1031,,,
E09000030,2024-04-01/P1Y,Under 12,3991,,,
E09000030,2024-04-01/P1Y,Adult,19185,,,
E09000030,2024-04-01/P1Y,12-17,2278,,,
E08000009,2024-04-01/P1Y,Under 12,5646,,,
E08000009,2024-04-01/P1Y,Adult,8723,,,
E08000009,2024-04-01/P1Y,12-17,3632,,,
E08000036,2024-04-01/P1Y,Under 12,7074,,,
E08000036,2024-04-01/P1Y,Adult,20787,,,
E08000036,2024-04-01/P1Y,12-17,2111,,,
E08000030,2024-04-01/P1Y,Under 12,8461,,,
E08000030,2024-04-01/P1Y,Adult,8441,,,
E08000030,2024-04-01/P1Y,12-17,1432,,,
E09000031,2024-04-01/P1Y,Unknown,33360,,,
E09000032,2024-04-01/P1Y,Under 12,11947,,,
E09000032,2024-04-01/P1Y,Adult,21691,,,
E09000032,2024-04-01/P1Y,12-17,3001,,,
E06000007,2024-04-01/P1Y,Unknown,16850,,,
E10000031,2024-04-01/P1Y,Unknown,40106,,,
E06000062,2024-04-01/P1Y,Under 12,12565,,,
E06000062,2024-04-01/P1Y,Adult,26677,,,
E06000062,2024-04-01/P1Y,12-17,3060,,,
E10000032,2024-04-01/P1Y,Under 12,42508,,,
E10000032,2024-04-01/P1Y,Adult,90757,,,
E10000032,2024-04-01/P1Y,12-17,5639,,,
E06000064,2024-04-01/P1Y,Unknown,18185,,,
E08000010,2024-04-01/P1Y,Unknown,10588,,,
E06000054,2024-04-01/P1Y,Under 12,17953,,,
E06000054,2024-04-01/P1Y,Adult,30439,,,
E06000054,2024-04-01/P1Y,12-17,2708,,,
E08000015,2024-04-01/P1Y,Under 12,6327,,,
E08000015,2024-04-01/P1Y,Adult,10636,,,
E08000015,2024-04-01/P1Y,12-17,942,,,
E08000031,2024-04-01/P1Y,Under 12,6824,,,
E08000031,2024-04-01/P1Y,Adult,11198,,,
E08000031,2024-04-01/P1Y,12-17,1231,,,
E10000034,2024-04-01/P1Y,Under 12,10960,,,
E10000034,2024-04-01/P1Y,Adult,36738,,,
E10000034,2024-04-01/P1Y,12-17,2294,,,
E06000014,2024-04-01/P1Y,Unknown,25036,,,
E09000003,2025-04-01/P1Y,Under 12,0,,,
E09000003,2025-04-01/P1Y,12-17,0,,,
E09000003,2025-04-01/P1Y,Adult,0,,,
E08000016,2025-04-01/P1Y,Under 12,0,,,
E08000016,2025-04-01/P1Y,12-17,0,,,
E08000016,2025-04-01/P1Y,Adult,0,,,
E09000004,2025-04-01/P1Y,Under 12,0,,,
E09000004,2025-04-01/P1Y,12-17,0,,,
E09000004,2025-04-01/P1Y,Adult,0,,,
E06000008,2025-04-01/P1Y,Under 12,0,,,
E06000008,2025-04-01/P1Y,12-17,0,,,
E06000008,2025-04-01/P1Y,Adult,0,,,
E06000009,2025-04-01/P1Y,Under 12,0,,,
E06000009,2025-04-01/P1Y,12-17,0,,,
E06000009,2025-04-01/P1Y,Adult,0,,,
E08000001,2025-04-01/P1Y,Under 12,6186,,,
E08000001,2025-04-01/P1Y,12-17,2039,,,
E08000001,2025-04-01/P1Y,Adult,8679,,,
E06000058,2025-04-01/P1Y,Under 12,0,,suspicious,"Source audit: total_active_members: Annual: reported total 28,634; category sum 16,945; difference +11,689. Remainder may be uncategorised activity; not necessarily a reporting error. Values retained as reported pending source confirmation."
E06000058,2025-04-01/P1Y,12-17,0,,suspicious,"Source audit: total_active_members: Annual: reported total 28,634; category sum 16,945; difference +11,689. Remainder may be uncategorised activity; not necessarily a reporting error. Values retained as reported pending source confirmation."
E06000058,2025-04-01/P1Y,Adult,16945,,suspicious,"Source audit: total_active_members: Annual: reported total 28,634; category sum 16,945; difference +11,689. Remainder may be uncategorised activity; not necessarily a reporting error. Values retained as reported pending source confirmation."
E08000032,2025-04-01/P1Y,Under 12,0,,suspicious,"Source audit: total_active_members: Annual: reported total 34,816; category sum 21,737; difference +13,079. Remainder may be uncategorised activity; not necessarily a reporting error. Values retained as reported pending source confirmation."
E08000032,2025-04-01/P1Y,12-17,0,,suspicious,"Source audit: total_active_members: Annual: reported total 34,816; category sum 21,737; difference +13,079. Remainder may be uncategorised activity; not necessarily a reporting error. Values retained as reported pending source confirmation."
E08000032,2025-04-01/P1Y,Adult,21737,,suspicious,"Source audit: total_active_members: Annual: reported total 34,816; category sum 21,737; difference +13,079. Remainder may be uncategorised activity; not necessarily a reporting error. Values retained as reported pending source confirmation."
E09000005,2025-04-01/P1Y,Under 12,5263,,,
E09000005,2025-04-01/P1Y,12-17,2707,,,
E09000005,2025-04-01/P1Y,Adult,13269,,,
E06000043,2025-04-01/P1Y,Under 12,1283,,,
E06000043,2025-04-01/P1Y,12-17,7426,,,
E06000043,2025-04-01/P1Y,Adult,17945,,,
E06000023,2025-04-01/P1Y,Under 12,12416,,,
E06000023,2025-04-01/P1Y,12-17,1964,,,
E06000023,2025-04-01/P1Y,Adult,23158,,,
E06000060,2025-04-01/P1Y,Under 12,10654,,,
E06000060,2025-04-01/P1Y,12-17,2408,,,
E06000060,2025-04-01/P1Y,Adult,22082,,,
E08000033,2025-04-01/P1Y,Under 12,6058,,,
E08000033,2025-04-01/P1Y,12-17,1140,,,
E08000033,2025-04-01/P1Y,Adult,10627,,,
E09000007,2025-04-01/P1Y,Under 12,2461,,,
E09000007,2025-04-01/P1Y,12-17,639,,,
E09000007,2025-04-01/P1Y,Adult,9272,,,
E10000003,2025-04-01/P1Y,Under 12,22172,,,
E10000003,2025-04-01/P1Y,12-17,7231,,,
E10000003,2025-04-01/P1Y,Adult,67440,,,
E06000056,2025-04-01/P1Y,Under 12,9636,,,
E06000056,2025-04-01/P1Y,12-17,442,,,
E06000056,2025-04-01/P1Y,Adult,15040,,,
E06000049,2025-04-01/P1Y,Under 12,15343,,,
E06000049,2025-04-01/P1Y,12-17,1438,,,
E06000049,2025-04-01/P1Y,Adult,27313,,,
E06000050,2025-04-01/P1Y,Under 12,13998,,,
E06000050,2025-04-01/P1Y,12-17,1668,,,
E06000050,2025-04-01/P1Y,Adult,24660,,,
E09000001,2025-04-01/P1Y,Under 12,1271,,,
E09000001,2025-04-01/P1Y,12-17,195,,,
E09000001,2025-04-01/P1Y,Adult,19780,,,
E06000052,2025-04-01/P1Y,Under 12,14266,,,
E06000052,2025-04-01/P1Y,12-17,3588,,,
E06000052,2025-04-01/P1Y,Adult,26933,,,
E08000026,2025-04-01/P1Y,Under 12,0,,suspicious,"Source audit: total_active_members: Annual: reported total 18,336; category sum 9,056; difference +9,280. Remainder may be uncategorised activity; not necessarily a reporting error. Values retained as reported pending source confirmation."
E08000026,2025-04-01/P1Y,12-17,0,,suspicious,"Source audit: total_active_members: Annual: reported total 18,336; category sum 9,056; difference +9,280. Remainder may be uncategorised activity; not necessarily a reporting error. Values retained as reported pending source confirmation."
E08000026,2025-04-01/P1Y,Adult,9056,,suspicious,"Source audit: total_active_members: Annual: reported total 18,336; category sum 9,056; difference +9,280. Remainder may be uncategorised activity; not necessarily a reporting error. Values retained as reported pending source confirmation."
E09000008,2025-04-01/P1Y,Under 12,9766,,,
E09000008,2025-04-01/P1Y,12-17,3255,,,
E09000008,2025-04-01/P1Y,Adult,26157,,,
E06000063,2025-04-01/P1Y,Under 12,0,,,
E06000063,2025-04-01/P1Y,12-17,0,,,
E06000063,2025-04-01/P1Y,Adult,0,,,
E06000005,2025-04-01/P1Y,Under 12,0,,,
E06000005,2025-04-01/P1Y,12-17,0,,,
E06000005,2025-04-01/P1Y,Adult,0,,,
E06000015,2025-04-01/P1Y,Under 12,0,,suspicious,"Source audit: total_active_members: Annual: reported total 26,054; category sum 16,144; difference +9,910. Remainder may be uncategorised activity; not necessarily a reporting error. Values retained as reported pending source confirmation."
E06000015,2025-04-01/P1Y,12-17,0,,suspicious,"Source audit: total_active_members: Annual: reported total 26,054; category sum 16,144; difference +9,910. Remainder may be uncategorised activity; not necessarily a reporting error. Values retained as reported pending source confirmation."
E06000015,2025-04-01/P1Y,Adult,16144,,suspicious,"Source audit: total_active_members: Annual: reported total 26,054; category sum 16,144; difference +9,910. Remainder may be uncategorised activity; not necessarily a reporting error. Values retained as reported pending source confirmation."
E10000007,2025-04-01/P1Y,Under 12,20074,,,
E10000007,2025-04-01/P1Y,12-17,3698,,,
E10000007,2025-04-01/P1Y,Adult,50131,,,
E10000008,2025-04-01/P1Y,Under 12,25051,,,
E10000008,2025-04-01/P1Y,12-17,7315,,,
E10000008,2025-04-01/P1Y,Adult,79731,,,
E08000017,2025-04-01/P1Y,Under 12,4004,,,
E08000017,2025-04-01/P1Y,12-17,1016,,,
E08000017,2025-04-01/P1Y,Adult,13461,,,
E06000059,2025-04-01/P1Y,Under 12,0,,,
E06000059,2025-04-01/P1Y,12-17,0,,,
E06000059,2025-04-01/P1Y,Adult,0,,,
E08000027,2025-04-01/P1Y,Under 12,0,,,
E08000027,2025-04-01/P1Y,12-17,0,,,
E08000027,2025-04-01/P1Y,Adult,0,,,
E10000011,2025-04-01/P1Y,Under 12,15225,,,
E10000011,2025-04-01/P1Y,12-17,2609,,,
E10000011,2025-04-01/P1Y,Adult,32415,,,
E08000037,2025-04-01/P1Y,Under 12,5552,,suspicious,"Source audit: total_active_members: Annual: reported total 28,359; category sum 27,093; difference +1,266. Remainder may be uncategorised activity; not necessarily a reporting error. Values retained as reported pending source confirmation."
E08000037,2025-04-01/P1Y,12-17,4655,,suspicious,"Source audit: total_active_members: Annual: reported total 28,359; category sum 27,093; difference +1,266. Remainder may be uncategorised activity; not necessarily a reporting error. Values retained as reported pending source confirmation."
E08000037,2025-04-01/P1Y,Adult,16886,,suspicious,"Source audit: total_active_members: Annual: reported total 28,359; category sum 27,093; difference +1,266. Remainder may be uncategorised activity; not necessarily a reporting error. Values retained as reported pending source confirmation."
E10000013,2025-04-01/P1Y,Under 12,27356,,,
E10000013,2025-04-01/P1Y,12-17,4433,,,
E10000013,2025-04-01/P1Y,Adult,43519,,,
E09000011,2025-04-01/P1Y,Under 12,18575,,,
E09000011,2025-04-01/P1Y,12-17,4804,,,
E09000011,2025-04-01/P1Y,Adult,1943,,,
E06000006,2025-04-01/P1Y,Under 12,1929,,,
E06000006,2025-04-01/P1Y,12-17,201,,,
E06000006,2025-04-01/P1Y,Adult,3718,,,
E09000013,2025-04-01/P1Y,Under 12,3392,,,
E09000013,2025-04-01/P1Y,12-17,1250,,,
E09000013,2025-04-01/P1Y,Adult,16323,,,
E06000001,2025-04-01/P1Y,Under 12,792,,,
E06000001,2025-04-01/P1Y,12-17,78,,,
E06000001,2025-04-01/P1Y,Adult,2268,,,
E06000019,2025-04-01/P1Y,Under 12,2870,,,
E06000019,2025-04-01/P1Y,12-17,576,,,
E06000019,2025-04-01/P1Y,Adult,7461,,,
E10000015,2025-04-01/P1Y,Under 12,43840,,,
E10000015,2025-04-01/P1Y,12-17,8489,,,
E10000015,2025-04-01/P1Y,Adult,58316,,,
E09000017,2025-04-01/P1Y,Under 12,12564,,,
E09000017,2025-04-01/P1Y,12-17,2251,,,
E09000017,2025-04-01/P1Y,Adult,16037,,,
E06000046,2025-04-01/P1Y,Under 12,2858,,,
E06000046,2025-04-01/P1Y,12-17,0,,,
E06000046,2025-04-01/P1Y,Adult,7666,,,
E09000019,2025-04-01/P1Y,Under 12,8296,,,
E09000019,2025-04-01/P1Y,12-17,852,,,
E09000019,2025-04-01/P1Y,Adult,14144,,,
E09000020,2025-04-01/P1Y,Under 12,3163,,suspicious,"Source audit: total_active_members: Annual: reported total 21,995; category sum 16,793; difference +5,202. Remainder may be uncategorised activity; not necessarily a reporting error. Values retained as reported pending source confirmation."
E09000020,2025-04-01/P1Y,12-17,984,,suspicious,"Source audit: total_active_members: Annual: reported total 21,995; category sum 16,793; difference +5,202. Remainder may be uncategorised activity; not necessarily a reporting error. Values retained as reported pending source confirmation."
E09000020,2025-04-01/P1Y,Adult,12646,,suspicious,"Source audit: total_active_members: Annual: reported total 21,995; category sum 16,793; difference +5,202. Remainder may be uncategorised activity; not necessarily a reporting error. Values retained as reported pending source confirmation."
E10000016,2025-04-01/P1Y,Under 12,61868,,suspicious,"Source audit: total_active_members: Annual: reported total 117,360; category sum 179,847; difference -62,487. Categories exceed total; check duplication, scope and reporting frequency. Event audiences may overlap. Values retained as reported pending source confirmation."
E10000016,2025-04-01/P1Y,12-17,17155,,suspicious,"Source audit: total_active_members: Annual: reported total 117,360; category sum 179,847; difference -62,487. Categories exceed total; check duplication, scope and reporting frequency. Event audiences may overlap. Values retained as reported pending source confirmation."
E10000016,2025-04-01/P1Y,Adult,100824,,suspicious,"Source audit: total_active_members: Annual: reported total 117,360; category sum 179,847; difference -62,487. Categories exceed total; check duplication, scope and reporting frequency. Event audiences may overlap. Values retained as reported pending source confirmation."
E06000010,2025-04-01/P1Y,Under 12,0,,,
E06000010,2025-04-01/P1Y,12-17,0,,,
E06000010,2025-04-01/P1Y,Adult,0,,,
E08000034,2025-04-01/P1Y,Under 12,0,,suspicious,"Source audit: total_active_members: Annual: reported total 37,046; category sum 24,571; difference +12,475. Remainder may be uncategorised activity; not necessarily a reporting error. Values retained as reported pending source confirmation."
E08000034,2025-04-01/P1Y,12-17,0,,suspicious,"Source audit: total_active_members: Annual: reported total 37,046; category sum 24,571; difference +12,475. Remainder may be uncategorised activity; not necessarily a reporting error. Values retained as reported pending source confirmation."
E08000034,2025-04-01/P1Y,Adult,24571,,suspicious,"Source audit: total_active_members: Annual: reported total 37,046; category sum 24,571; difference +12,475. Remainder may be uncategorised activity; not necessarily a reporting error. Values retained as reported pending source confirmation."
E08000035,2025-04-01/P1Y,Under 12,46042,,,
E08000035,2025-04-01/P1Y,12-17,0,,,
E08000035,2025-04-01/P1Y,Adult,73395,,,
E10000019,2025-04-01/P1Y,Under 12,10270,,,
E10000019,2025-04-01/P1Y,12-17,2232,,,
E10000019,2025-04-01/P1Y,Adult,26117,,,
E08000012,2025-04-01/P1Y,Under 12,6579,,,
E08000012,2025-04-01/P1Y,12-17,1671,,,
E08000012,2025-04-01/P1Y,Adult,15075,,,
E09000024,2025-04-01/P1Y,Under 12,22536,,,
E09000024,2025-04-01/P1Y,12-17,5738,,,
E09000024,2025-04-01/P1Y,Adult,34205,,,
E06000002,2025-04-01/P1Y,Under 12,0,,,
E06000002,2025-04-01/P1Y,12-17,0,,,
E06000002,2025-04-01/P1Y,Adult,0,,,
E06000042,2025-04-01/P1Y,Under 12,0,,,
E06000042,2025-04-01/P1Y,12-17,0,,,
E06000042,2025-04-01/P1Y,Adult,0,,,
E08000021,2025-04-01/P1Y,Under 12,0,,suspicious,"Source audit: total_active_members: Annual: reported total 13,339; category sum 7,039; difference +6,300. Remainder may be uncategorised activity; not necessarily a reporting error. Values retained as reported pending source confirmation."
E08000021,2025-04-01/P1Y,12-17,0,,suspicious,"Source audit: total_active_members: Annual: reported total 13,339; category sum 7,039; difference +6,300. Remainder may be uncategorised activity; not necessarily a reporting error. Values retained as reported pending source confirmation."
E08000021,2025-04-01/P1Y,Adult,7039,,suspicious,"Source audit: total_active_members: Annual: reported total 13,339; category sum 7,039; difference +6,300. Remainder may be uncategorised activity; not necessarily a reporting error. Values retained as reported pending source confirmation."
E09000025,2025-04-01/P1Y,Under 12,26969,,,
E09000025,2025-04-01/P1Y,12-17,6135,,,
E09000025,2025-04-01/P1Y,Adult,30760,,,
E06000012,2025-04-01/P1Y,Under 12,1440,,,
E06000012,2025-04-01/P1Y,12-17,291,,,
E06000012,2025-04-01/P1Y,Adult,5544,,,
E06000013,2025-04-01/P1Y,Under 12,4849,,,
E06000013,2025-04-01/P1Y,12-17,1242,,,
E06000013,2025-04-01/P1Y,Adult,9358,,,
E06000061,2025-04-01/P1Y,Under 12,6212,,,
E06000061,2025-04-01/P1Y,12-17,822,,,
E06000061,2025-04-01/P1Y,Adult,6931,,,
E06000024,2025-04-01/P1Y,Under 12,7357,,,
E06000024,2025-04-01/P1Y,12-17,1451,,,
E06000024,2025-04-01/P1Y,Adult,18328,,,
E08000022,2025-04-01/P1Y,Under 12,8373,,,
E08000022,2025-04-01/P1Y,12-17,450,,,
E08000022,2025-04-01/P1Y,Adult,17098,,,
E06000065,2025-04-01/P1Y,Under 12,0,,,
E06000065,2025-04-01/P1Y,12-17,0,,,
E06000065,2025-04-01/P1Y,Adult,0,,,
E06000057,2025-04-01/P1Y,Under 12,0,,,
E06000057,2025-04-01/P1Y,12-17,0,,,
E06000057,2025-04-01/P1Y,Adult,0,,,
E06000018,2025-04-01/P1Y,Under 12,7432,,,
E06000018,2025-04-01/P1Y,12-17,3512,,,
E06000018,2025-04-01/P1Y,Adult,26152,,,
E10000024,2025-04-01/P1Y,Under 12,33206,,,
E10000024,2025-04-01/P1Y,12-17,7059,,,
E10000024,2025-04-01/P1Y,Adult,61156,,,
E08000004,2025-04-01/P1Y,Under 12,5240,,,
E08000004,2025-04-01/P1Y,12-17,1292,,,
E08000004,2025-04-01/P1Y,Adult,9317,,,
E10000025,2025-04-01/P1Y,Under 12,24933,,,
E10000025,2025-04-01/P1Y,12-17,4645,,,
E10000025,2025-04-01/P1Y,Adult,38019,,,
E06000031,2025-04-01/P1Y,Under 12,1549,,,
E06000031,2025-04-01/P1Y,12-17,458,,,
E06000031,2025-04-01/P1Y,Adult,6154,,,
E06000044,2025-04-01/P1Y,Under 12,4467,,,
E06000044,2025-04-01/P1Y,12-17,565,,,
E06000044,2025-04-01/P1Y,Adult,9052,,,
E06000038,2025-04-01/P1Y,Under 12,1492,,,
E06000038,2025-04-01/P1Y,12-17,598,,,
E06000038,2025-04-01/P1Y,Adult,9536,,,
E09000027,2025-04-01/P1Y,Under 12,5705,,,
E09000027,2025-04-01/P1Y,12-17,2631,,,
E09000027,2025-04-01/P1Y,Adult,19946,,,
E08000018,2025-04-01/P1Y,Under 12,6466,,,
E08000018,2025-04-01/P1Y,12-17,910,,,
E08000018,2025-04-01/P1Y,Adult,7930,,,
E08000028,2025-04-01/P1Y,Under 12,7293,,suspicious,"Source audit: total_active_members: Annual: reported total 50,344; category sum 17,927; difference +32,417. Remainder may be uncategorised activity; not necessarily a reporting error. Values retained as reported pending source confirmation."
E08000028,2025-04-01/P1Y,12-17,1150,,suspicious,"Source audit: total_active_members: Annual: reported total 50,344; category sum 17,927; difference +32,417. Remainder may be uncategorised activity; not necessarily a reporting error. Values retained as reported pending source confirmation."
E08000028,2025-04-01/P1Y,Adult,9484,,suspicious,"Source audit: total_active_members: Annual: reported total 50,344; category sum 17,927; difference +32,417. Remainder may be uncategorised activity; not necessarily a reporting error. Values retained as reported pending source confirmation."
E08000014,2025-04-01/P1Y,Under 12,9355,,,
E08000014,2025-04-01/P1Y,12-17,37661,,,
E08000014,2025-04-01/P1Y,Adult,30656,,,
E08000019,2025-04-01/P1Y,Under 12,20502,,,
E08000019,2025-04-01/P1Y,12-17,0,,,
E08000019,2025-04-01/P1Y,Adult,40537,,,
E06000051,2025-04-01/P1Y,Under 12,0,,,
E06000051,2025-04-01/P1Y,12-17,0,,,
E06000051,2025-04-01/P1Y,Adult,0,,,
E06000039,2025-04-01/P1Y,Under 12,0,,,
E06000039,2025-04-01/P1Y,12-17,0,,,
E06000039,2025-04-01/P1Y,Adult,0,,,
E06000066,2025-04-01/P1Y,Under 12,12398,,,
E06000066,2025-04-01/P1Y,12-17,3298,,,
E06000066,2025-04-01/P1Y,Adult,24634,,,
E06000025,2025-04-01/P1Y,Under 12,11604,,,
E06000025,2025-04-01/P1Y,12-17,2002,,,
E06000025,2025-04-01/P1Y,Adult,24512,,,
E08000023,2025-04-01/P1Y,Under 12,5999,,,
E08000023,2025-04-01/P1Y,12-17,2592,,,
E08000023,2025-04-01/P1Y,Adult,10538,,,
E06000033,2025-04-01/P1Y,Under 12,4781,,,
E06000033,2025-04-01/P1Y,12-17,970,,,
E06000033,2025-04-01/P1Y,Adult,7933,,,
E09000028,2025-04-01/P1Y,Under 12,0,,,
E09000028,2025-04-01/P1Y,12-17,0,,,
E09000028,2025-04-01/P1Y,Adult,0,,,
E08000013,2025-04-01/P1Y,Under 12,3410,,suspicious,"Source audit: total_active_members: Annual: reported total 34,768; category sum 9,741; difference +25,027. Remainder may be uncategorised activity; not necessarily a reporting error. Values retained as reported pending source confirmation."
E08000013,2025-04-01/P1Y,12-17,5751,,suspicious,"Source audit: total_active_members: Annual: reported total 34,768; category sum 9,741; difference +25,027. Remainder may be uncategorised activity; not necessarily a reporting error. Values retained as reported pending source confirmation."
E08000013,2025-04-01/P1Y,Adult,580,,suspicious,"Source audit: total_active_members: Annual: reported total 34,768; category sum 9,741; difference +25,027. Remainder may be uncategorised activity; not necessarily a reporting error. Values retained as reported pending source confirmation."
E10000028,2025-04-01/P1Y,Under 12,25763,,suspicious,"Source audit: total_active_members: Annual: reported total 61,750; category sum 59,486; difference +2,264. Remainder may be uncategorised activity; not necessarily a reporting error. Values retained as reported pending source confirmation."
E10000028,2025-04-01/P1Y,12-17,3003,,suspicious,"Source audit: total_active_members: Annual: reported total 61,750; category sum 59,486; difference +2,264. Remainder may be uncategorised activity; not necessarily a reporting error. Values retained as reported pending source confirmation."
E10000028,2025-04-01/P1Y,Adult,30720,,suspicious,"Source audit: total_active_members: Annual: reported total 61,750; category sum 59,486; difference +2,264. Remainder may be uncategorised activity; not necessarily a reporting error. Values retained as reported pending source confirmation."
E06000004,2025-04-01/P1Y,Under 12,4206,,,
E06000004,2025-04-01/P1Y,12-17,285,,,
E06000004,2025-04-01/P1Y,Adult,9833,,,
E06000021,2025-04-01/P1Y,Under 12,5463,,,
E06000021,2025-04-01/P1Y,12-17,1115,,,
E06000021,2025-04-01/P1Y,Adult,9212,,,
E10000030,2025-04-01/P1Y,Under 12,45240,,,
E10000030,2025-04-01/P1Y,12-17,12271,,,
E10000030,2025-04-01/P1Y,Adult,134078,,,
E09000029,2025-04-01/P1Y,Under 12,0,,,
E09000029,2025-04-01/P1Y,12-17,0,,,
E09000029,2025-04-01/P1Y,Adult,0,,,
E08000008,2025-04-01/P1Y,Under 12,0,,,
E08000008,2025-04-01/P1Y,12-17,0,,,
E08000008,2025-04-01/P1Y,Adult,0,,,
E06000020,2025-04-01/P1Y,Under 12,0,,,
E06000020,2025-04-01/P1Y,12-17,0,,,
E06000020,2025-04-01/P1Y,Adult,0,,,
E06000034,2025-04-01/P1Y,Under 12,6261,,,
E06000034,2025-04-01/P1Y,12-17,1553,,,
E06000034,2025-04-01/P1Y,Adult,12088,,,
E06000027,2025-04-01/P1Y,Under 12,2927,,,
E06000027,2025-04-01/P1Y,12-17,902,,,
E06000027,2025-04-01/P1Y,Adult,11447,,,
E08000036,2025-04-01/P1Y,Under 12,6282,,,
E08000036,2025-04-01/P1Y,12-17,1833,,,
E08000036,2025-04-01/P1Y,Adult,20952,,,
E09000031,2025-04-01/P1Y,Under 12,18566,,,
E09000031,2025-04-01/P1Y,12-17,4492,,,
E09000031,2025-04-01/P1Y,Adult,9551,,,
E09000032,2025-04-01/P1Y,Under 12,11424,,suspicious,"Source audit: total_active_members: Annual: reported total 37,274; category sum 29,201; difference +8,073. Remainder may be uncategorised activity; not necessarily a reporting error. Values retained as reported pending source confirmation."
E09000032,2025-04-01/P1Y,12-17,2856,,suspicious,"Source audit: total_active_members: Annual: reported total 37,274; category sum 29,201; difference +8,073. Remainder may be uncategorised activity; not necessarily a reporting error. Values retained as reported pending source confirmation."
E09000032,2025-04-01/P1Y,Adult,14921,,suspicious,"Source audit: total_active_members: Annual: reported total 37,274; category sum 29,201; difference +8,073. Remainder may be uncategorised activity; not necessarily a reporting error. Values retained as reported pending source confirmation."
E06000007,2025-04-01/P1Y,Under 12,0,,,
E06000007,2025-04-01/P1Y,12-17,0,,,
E06000007,2025-04-01/P1Y,Adult,0,,,
E10000031,2025-04-01/P1Y,Under 12,17405,,,
E10000031,2025-04-01/P1Y,12-17,3361,,,
E10000031,2025-04-01/P1Y,Adult,55164,,,
E06000037,2025-04-01/P1Y,Under 12,5488,,,
E06000037,2025-04-01/P1Y,12-17,1417,,,
E06000037,2025-04-01/P1Y,Adult,14651,,,
E06000062,2025-04-01/P1Y,Under 12,10297,,,
E06000062,2025-04-01/P1Y,12-17,2002,,,
E06000062,2025-04-01/P1Y,Adult,12603,,,
E10000032,2025-04-01/P1Y,Under 12,39092,,,
E10000032,2025-04-01/P1Y,12-17,5783,,,
E10000032,2025-04-01/P1Y,Adult,86479,,,
E09000033,2025-04-01/P1Y,Under 12,4472,,suspicious,"Source audit: total_active_members: Annual: reported total 36,551; category sum 30,719; difference +5,832. Remainder may be uncategorised activity; not necessarily a reporting error. Values retained as reported pending source confirmation."
E09000033,2025-04-01/P1Y,12-17,1608,,suspicious,"Source audit: total_active_members: Annual: reported total 36,551; category sum 30,719; difference +5,832. Remainder may be uncategorised activity; not necessarily a reporting error. Values retained as reported pending source confirmation."
E09000033,2025-04-01/P1Y,Adult,24639,,suspicious,"Source audit: total_active_members: Annual: reported total 36,551; category sum 30,719; difference +5,832. Remainder may be uncategorised activity; not necessarily a reporting error. Values retained as reported pending source confirmation."
E06000064,2025-04-01/P1Y,Under 12,0,,,
E06000064,2025-04-01/P1Y,12-17,0,,,
E06000064,2025-04-01/P1Y,Adult,0,,,
E08000010,2025-04-01/P1Y,Under 12,2573,,suspicious,"Source audit: total_active_members: Annual: reported total 12,601; category sum 9,901; difference +2,700. Remainder may be uncategorised activity; not necessarily a reporting error. Values retained as reported pending source confirmation."
E08000010,2025-04-01/P1Y,12-17,1414,,suspicious,"Source audit: total_active_members: Annual: reported total 12,601; category sum 9,901; difference +2,700. Remainder may be uncategorised activity; not necessarily a reporting error. Values retained as reported pending source confirmation."
E08000010,2025-04-01/P1Y,Adult,5914,,suspicious,"Source audit: total_active_members: Annual: reported total 12,601; category sum 9,901; difference +2,700. Remainder may be uncategorised activity; not necessarily a reporting error. Values retained as reported pending source confirmation."
E06000054,2025-04-01/P1Y,Under 12,17223,,,
E06000054,2025-04-01/P1Y,12-17,2741,,,
E06000054,2025-04-01/P1Y,Adult,30890,,,
E06000040,2025-04-01/P1Y,Under 12,0,,,
E06000040,2025-04-01/P1Y,12-17,0,,,
E06000040,2025-04-01/P1Y,Adult,0,,,
E08000015,2025-04-01/P1Y,Under 12,6351,,,
E08000015,2025-04-01/P1Y,12-17,836,,,
E08000015,2025-04-01/P1Y,Adult,10210,,,
E10000034,2025-04-01/P1Y,Under 12,15663,,,
E10000034,2025-04-01/P1Y,12-17,2810,,,
E10000034,2025-04-01/P1Y,Adult,28537,,,
E06000014,2025-04-01/P1Y,Under 12,0,,,
E06000014,2025-04-01/P1Y,12-17,0,,,
E06000014,2025-04-01/P1Y,Adult,0,,,
E09000006,2025-04-01/P1Y,Under 12,0,,,
E09000006,2025-04-01/P1Y,12-17,0,,,
E09000006,2025-04-01/P1Y,Adult,0,,,
E06000022,2025-04-01/P1Y,Under 12,5006,,,
E06000022,2025-04-01/P1Y,12-17,964,,,
E06000022,2025-04-01/P1Y,Adult,17612,,,
