Authority,Period,Count
E08000001,2023-04-01/P1M,18282
E08000001,2023-05-01/P1M,22335
E08000001,2023-06-01/P1M,20484
E08000001,2023-07-01/P1M,12757
E08000001,2023-08-01/P1M,13537
E08000001,2023-09-01/P1M,12534
E08000001,2023-10-01/P1M,17536
E08000001,2023-11-01/P1M,9941
E08000001,2023-12-01/P1M,17504
E08000001,2024-01-01/P1M,8286
E08000001,2024-02-01/P1M,3062
E08000001,2024-03-01/P1M,1140
E06000023,2023-04-01/P1M,12558
E06000023,2023-05-01/P1M,14090
E06000023,2023-06-01/P1M,10525
E06000023,2023-07-01/P1M,7075
E06000023,2023-08-01/P1M,8395
E06000023,2023-09-01/P1M,11008
E06000023,2023-10-01/P1M,12916
E06000023,2023-11-01/P1M,12858
E06000023,2023-12-01/P1M,9020
E06000023,2024-01-01/P1M,13204
E06000023,2024-02-01/P1M,13713
E06000023,2024-03-01/P1M,12988
E09000006,2023-04-01/P1M,10279
E09000006,2023-05-01/P1M,9943
E09000006,2023-06-01/P1M,8260
E09000006,2023-07-01/P1M,6114
E09000006,2023-08-01/P1M,6925
E09000006,2023-09-01/P1M,7014
E09000006,2023-10-01/P1M,7201
E09000006,2023-11-01/P1M,7093
E09000006,2023-12-01/P1M,6915
E09000006,2024-01-01/P1M,8603
E09000006,2024-02-01/P1M,8106
E09000006,2024-03-01/P1M,8254
E08000002,2023-04-01/P1M,3880
E08000002,2023-05-01/P1M,4642
E08000002,2023-06-01/P1M,4569
E08000002,2023-07-01/P1M,4621
E08000002,2023-08-01/P1M,4771
E08000002,2023-09-01/P1M,4783
E08000002,2023-10-01/P1M,5411
E08000002,2023-11-01/P1M,6182
E08000002,2023-12-01/P1M,4340
E08000002,2024-01-01/P1M,4482
E08000002,2024-02-01/P1M,4615
E08000002,2024-03-01/P1M,4934
E08000033,2023-04-01/P1M,1777
E08000033,2023-05-01/P1M,1954
E08000033,2023-06-01/P1M,1700
E08000033,2023-07-01/P1M,1552
E08000033,2023-08-01/P1M,1539
E08000033,2023-09-01/P1M,1454
E08000033,2023-10-01/P1M,1563
E08000033,2023-11-01/P1M,1700
E08000033,2023-12-01/P1M,1354
E08000033,2024-01-01/P1M,2009
E08000033,2024-02-01/P1M,1756
E08000033,2024-03-01/P1M,1901
E08000026,2023-04-01/P1M,32075
E08000026,2023-05-01/P1M,38246
E08000026,2023-06-01/P1M,36198
E08000026,2023-07-01/P1M,31756
E08000026,2023-08-01/P1M,37602
E08000026,2023-09-01/P1M,33687
E08000026,2023-10-01/P1M,42089
E08000026,2023-11-01/P1M,42449
E08000026,2023-12-01/P1M,30275
E08000026,2024-01-01/P1M,42324
E08000026,2024-02-01/P1M,45310
E08000026,2024-03-01/P1M,42234
E06000063,2023-04-01/P1M,19189
E06000063,2023-05-01/P1M,20826
E06000063,2023-06-01/P1M,20586
E06000063,2023-07-01/P1M,20220
E06000063,2023-08-01/P1M,20653
E06000063,2023-09-01/P1M,23331
E06000063,2023-10-01/P1M,24100
E06000063,2023-11-01/P1M,25625
E06000063,2023-12-01/P1M,24153
E06000063,2024-01-01/P1M,20618
E06000063,2024-02-01/P1M,22089
E06000063,2024-03-01/P1M,24241
E10000007,2023-04-01/P1M,9567
E10000007,2023-05-01/P1M,9638
E10000007,2023-06-01/P1M,10463
E10000007,2023-07-01/P1M,11370
E10000007,2023-08-01/P1M,11470
E10000007,2023-09-01/P1M,10895
E10000007,2023-10-01/P1M,11134
E10000007,2023-11-01/P1M,11265
E10000007,2023-12-01/P1M,9173
E10000007,2024-01-01/P1M,11409
E10000007,2024-02-01/P1M,11315
E10000007,2024-03-01/P1M,11054
E10000008,2023-04-01/P1M,10582
E10000008,2023-05-01/P1M,13052
E10000008,2023-06-01/P1M,9829
E10000008,2023-07-01/P1M,8462
E10000008,2023-08-01/P1M,8624
E10000008,2023-09-01/P1M,11152
E10000008,2023-10-01/P1M,13413
E10000008,2023-11-01/P1M,14433
E10000008,2023-12-01/P1M,11421
E10000008,2024-01-01/P1M,14699
E10000008,2024-02-01/P1M,14116
E10000008,2024-03-01/P1M,17781
E10000011,2023-04-01/P1M,2991
E10000011,2023-05-01/P1M,2799
E10000011,2023-06-01/P1M,2794
E10000011,2023-07-01/P1M,2482
E10000011,2023-08-01/P1M,2573
E10000011,2023-09-01/P1M,2529
E10000011,2023-10-01/P1M,2821
E10000011,2023-11-01/P1M,2833
E10000011,2023-12-01/P1M,2148
E10000011,2024-01-01/P1M,3325
E10000011,2024-02-01/P1M,2931
E10000011,2024-03-01/P1M,3036
E09000011,2023-04-01/P1M,28502
E09000011,2023-05-01/P1M,30809
E09000011,2023-06-01/P1M,28008
E09000011,2023-07-01/P1M,23309
E09000011,2023-08-01/P1M,23211
E09000011,2023-09-01/P1M,21981
E09000011,2023-10-01/P1M,27022
E09000011,2023-11-01/P1M,26474
E09000011,2023-12-01/P1M,21271
E09000011,2024-01-01/P1M,28626
E09000011,2024-02-01/P1M,30325
E09000011,2024-03-01/P1M,31590
E09000015,2023-04-01/P1M,10188
E09000015,2023-05-01/P1M,10973
E09000015,2023-06-01/P1M,8370
E09000015,2023-07-01/P1M,5075
E09000015,2023-08-01/P1M,6212
E09000015,2023-09-01/P1M,7340
E09000015,2023-10-01/P1M,8117
E09000015,2023-11-01/P1M,7667
E09000015,2023-12-01/P1M,7565
E09000015,2024-01-01/P1M,8715
E09000015,2024-02-01/P1M,8297
E09000015,2024-03-01/P1M,8636
E10000016,2023-04-01/P1M,7460
E10000016,2023-05-01/P1M,7598
E10000016,2023-06-01/P1M,8473
E10000016,2023-07-01/P1M,7757
E10000016,2023-08-01/P1M,7636
E10000016,2023-09-01/P1M,7899
E10000016,2023-10-01/P1M,8396
E10000016,2023-11-01/P1M,8312
E10000016,2023-12-01/P1M,6653
E10000016,2024-01-01/P1M,8691
E10000016,2024-02-01/P1M,8692
E10000016,2024-03-01/P1M,9061
E08000011,2023-04-01/P1M,696
E08000011,2023-05-01/P1M,782
E08000011,2023-06-01/P1M,798
E08000011,2023-07-01/P1M,995
E08000011,2023-08-01/P1M,1089
E08000011,2023-09-01/P1M,1046
E08000011,2023-10-01/P1M,1171
E08000011,2023-11-01/P1M,1260
E08000011,2023-12-01/P1M,1117
E08000011,2024-01-01/P1M,1478
E08000011,2024-02-01/P1M,1454
E08000011,2024-03-01/P1M,1500
E06000016,2023-04-01/P1M,6513
E06000016,2023-05-01/P1M,7932
E06000016,2023-06-01/P1M,7344
E06000016,2023-07-01/P1M,6163
E06000016,2023-08-01/P1M,6700
E06000016,2023-09-01/P1M,6334
E06000016,2023-10-01/P1M,7408
E06000016,2023-11-01/P1M,6731
E06000016,2023-12-01/P1M,3537
E06000016,2024-01-01/P1M,6058
E06000016,2024-02-01/P1M,7117
E06000016,2024-03-01/P1M,2212
E10000018,2023-04-01/P1M,1752
E10000018,2023-05-01/P1M,1840
E10000018,2023-06-01/P1M,2048
E10000018,2023-07-01/P1M,1750
E10000018,2023-08-01/P1M,1936
E10000018,2023-09-01/P1M,2207
E10000018,2023-10-01/P1M,1354
E10000018,2023-11-01/P1M,341
E10000018,2023-12-01/P1M,583
E10000018,2024-01-01/P1M,1079
E10000018,2024-02-01/P1M,936
E10000018,2024-03-01/P1M,1007
E09000023,2023-04-01/P1M,4481
E09000023,2023-05-01/P1M,4781
E09000023,2023-06-01/P1M,5016
E09000023,2023-07-01/P1M,4857
E09000023,2023-08-01/P1M,4506
E09000023,2023-09-01/P1M,4533
E09000023,2023-10-01/P1M,5109
E09000023,2023-11-01/P1M,4734
E09000023,2023-12-01/P1M,3490
E09000023,2024-01-01/P1M,4199
E09000023,2024-02-01/P1M,4716
E09000023,2024-03-01/P1M,4602
E10000019,2023-04-01/P1M,2750
E10000019,2023-05-01/P1M,3093
E10000019,2023-06-01/P1M,3188
E10000019,2023-07-01/P1M,2857
E10000019,2023-08-01/P1M,3140
E10000019,2023-09-01/P1M,2971
E10000019,2023-10-01/P1M,2880
E10000019,2023-11-01/P1M,3350
E10000019,2023-12-01/P1M,2908
E10000019,2024-01-01/P1M,3774
E10000019,2024-02-01/P1M,3546
E10000019,2024-03-01/P1M,3828
E09000003,2023-04-01/P1M,12109
E09000003,2023-05-01/P1M,14164
E09000003,2023-06-01/P1M,9365
E09000003,2023-07-01/P1M,6707
E09000003,2023-08-01/P1M,6305
E09000003,2023-09-01/P1M,7224
E09000003,2023-10-01/P1M,8440
E09000003,2023-11-01/P1M,9441
E09000003,2023-12-01/P1M,7629
E09000003,2024-01-01/P1M,11542
E09000003,2024-02-01/P1M,8970
E09000003,2024-03-01/P1M,11047
E09000007,2023-04-01/P1M,13364
E09000007,2023-05-01/P1M,14074
E09000007,2023-06-01/P1M,14018
E09000007,2023-07-01/P1M,13754
E09000007,2023-08-01/P1M,14991
E09000007,2023-09-01/P1M,14464
E09000007,2023-10-01/P1M,15956
E09000007,2023-11-01/P1M,15968
E09000007,2023-12-01/P1M,13342
E09000007,2024-01-01/P1M,16163
E09000007,2024-02-01/P1M,15772
E09000007,2024-03-01/P1M,16478
E08000003,2023-04-01/P1M,35235
E08000003,2023-05-01/P1M,46037
E08000003,2023-06-01/P1M,35372
E08000003,2023-07-01/P1M,33570
E08000003,2023-08-01/P1M,33827
E08000003,2023-09-01/P1M,39131
E08000003,2023-10-01/P1M,58159
E08000003,2023-11-01/P1M,54872
E08000003,2023-12-01/P1M,37927
E08000003,2024-01-01/P1M,47217
E08000003,2024-02-01/P1M,50422
E08000003,2024-03-01/P1M,46957
E09000024,2023-04-01/P1Y,24076
E09000025,2023-04-01/P1M,7597
E09000025,2023-05-01/P1M,10153
E09000025,2023-06-01/P1M,5476
E09000025,2023-07-01/P1M,3935
E09000025,2023-08-01/P1M,4826
E09000025,2023-09-01/P1M,5059
E09000025,2023-10-01/P1M,6261
E09000025,2023-11-01/P1M,7061
E09000025,2023-12-01/P1M,5692
E09000025,2024-01-01/P1M,7783
E09000025,2024-02-01/P1M,7942
E09000025,2024-03-01/P1M,7837
E08000022,2023-09-01/P1M,2133
E08000022,2023-10-01/P1M,2574
E08000022,2023-11-01/P1M,4322
E08000022,2023-12-01/P1M,5023
E08000022,2024-01-01/P1M,5306
E08000022,2024-02-01/P1M,4926
E08000022,2024-03-01/P1M,5382
E06000065,2023-10-01/P1M,101918
E06000065,2023-11-01/P1M,110941
E06000065,2023-12-01/P1M,93790
E06000065,2024-01-01/P1M,118723
E06000065,2024-02-01/P1M,115261
E06000065,2024-03-01/P1M,120940
E10000024,2023-04-01/P1M,8896
E10000024,2023-05-01/P1M,10478
E10000024,2023-06-01/P1M,10844
E10000024,2023-07-01/P1M,9859
E10000024,2023-08-01/P1M,5068
E10000024,2023-09-01/P1M,9567
E10000024,2023-10-01/P1M,10602
E10000024,2023-11-01/P1M,11051
E10000024,2023-12-01/P1M,8522
E10000024,2024-01-01/P1M,12447
E10000024,2024-02-01/P1M,12049
E10000024,2024-03-01/P1M,13237
E08000004,2023-04-01/P1M,3274
E08000004,2023-05-01/P1M,3941
E08000004,2023-06-01/P1M,3131
E08000004,2023-07-01/P1M,2457
E08000004,2023-08-01/P1M,2467
E08000004,2023-09-01/P1M,3386
E08000004,2023-10-01/P1M,3607
E08000004,2023-11-01/P1M,3690
E08000004,2023-12-01/P1M,3299
E08000004,2024-01-01/P1M,4017
E08000004,2024-02-01/P1M,4391
E08000004,2024-03-01/P1M,3802
E06000031,2023-07-01/P1M,1565
E06000031,2023-08-01/P1M,1662
E06000031,2023-09-01/P1M,1695
E06000031,2023-10-01/P1M,1677
E06000031,2023-11-01/P1M,1774
E06000031,2023-12-01/P1M,1541
E06000031,2024-01-01/P1M,1824
E06000031,2024-02-01/P1M,1710
E06000031,2024-03-01/P1M,2019
E06000038,2023-04-01/P1M,1984
E06000038,2023-05-01/P1M,2123
E06000038,2023-06-01/P1M,2131
E06000038,2023-07-01/P1M,2068
E06000038,2023-08-01/P1M,2456
E06000038,2023-09-01/P1M,2291
E06000038,2023-10-01/P1M,2400
E06000038,2023-11-01/P1M,2269
E06000038,2023-12-01/P1M,1769
E06000038,2024-01-01/P1M,3325
E06000038,2024-02-01/P1M,3544
E06000038,2024-03-01/P1M,3031
E08000018,2023-04-01/P1M,1587
E08000018,2023-05-01/P1M,1464
E08000018,2023-06-01/P1M,1711
E08000018,2023-07-01/P1M,1544
E08000018,2023-08-01/P1M,1435
E08000028,2023-04-01/P1M,8101
E08000028,2023-05-01/P1M,9677
E08000028,2023-06-01/P1M,9123
E08000028,2023-07-01/P1M,5886
E08000028,2023-08-01/P1M,5212
E08000028,2023-09-01/P1M,5699
E08000028,2023-10-01/P1M,6005
E08000028,2023-11-01/P1M,5198
E08000028,2023-12-01/P1M,4441
E08000028,2024-01-01/P1M,7187
E08000028,2024-02-01/P1M,8956
E08000028,2024-03-01/P1M,8902
E08000029,2023-04-01/P1M,4380
E08000029,2023-05-01/P1M,3534
E08000029,2023-06-01/P1M,2946
E08000029,2023-07-01/P1M,2704
E08000029,2023-08-01/P1M,1917
E08000029,2023-09-01/P1M,5306
E08000029,2023-10-01/P1M,3660
E08000029,2023-11-01/P1M,3406
E08000029,2023-12-01/P1M,1944
E08000029,2024-01-01/P1M,3333
E08000029,2024-02-01/P1M,3333
E08000029,2024-03-01/P1M,3539
E06000066,2023-04-01/P1M,3436
E06000066,2023-05-01/P1M,3428
E06000066,2023-06-01/P1M,3052
E06000066,2023-07-01/P1M,3265
E06000066,2023-08-01/P1M,3373
E06000066,2023-09-01/P1M,3187
E06000066,2023-10-01/P1M,3483
E06000066,2023-11-01/P1M,3406
E06000066,2023-12-01/P1M,2883
E06000066,2024-01-01/P1M,3650
E06000066,2024-02-01/P1M,3395
E06000066,2024-03-01/P1M,3640
E08000023,2023-04-01/P1M,9034
E08000023,2023-05-01/P1M,9034
E08000023,2023-06-01/P1M,9034
E08000023,2023-07-01/P1M,9034
E08000023,2023-08-01/P1M,9034
E08000023,2023-09-01/P1M,9034
E08000023,2023-10-01/P1M,9034
E08000023,2023-11-01/P1M,9034
E08000023,2023-12-01/P1M,9034
E08000023,2024-01-01/P1M,9034
E08000023,2024-02-01/P1M,9034
E08000023,2024-03-01/P1M,9034
E09000028,2023-04-01/P1M,34160
E09000028,2023-05-01/P1M,38192
E09000028,2023-06-01/P1M,30085
E09000028,2023-07-01/P1M,31638
E09000028,2023-08-01/P1M,27115
E09000028,2023-09-01/P1M,42303
E09000028,2023-10-01/P1M,44040
E09000028,2023-11-01/P1M,44817
E09000028,2023-12-01/P1M,39883
E09000028,2024-01-01/P1M,53627
E09000028,2024-02-01/P1M,51402
E09000028,2024-03-01/P1M,40984
E06000021,2023-04-01/P1M,1531
E06000021,2023-05-01/P1M,1342
E06000021,2023-06-01/P1M,1536
E06000021,2023-07-01/P1M,1225
E06000021,2023-08-01/P1M,723
E06000021,2023-09-01/P1M,1014
E06000021,2023-10-01/P1M,1062
E06000021,2023-11-01/P1M,1618
E06000021,2023-12-01/P1M,1296
E06000021,2024-01-01/P1M,1622
E06000021,2024-02-01/P1M,1678
E06000021,2024-03-01/P1M,1905
E10000029,2023-04-01/P3M,6739
E10000029,2023-07-01/P3M,9371
E10000029,2023-10-01/P3M,9685
E10000029,2024-01-01/P3M,9425
E10000030,2023-04-01/P1M,98676
E10000030,2023-05-01/P1M,109928
E10000030,2023-06-01/P1M,108356
E10000030,2023-07-01/P1M,107074
E10000030,2023-08-01/P1M,101608
E10000030,2023-09-01/P1M,109664
E10000030,2023-10-01/P1M,107434
E10000030,2023-11-01/P1M,90157
E10000030,2023-12-01/P1M,59376
E10000030,2024-01-01/P1M,69953
E10000030,2024-02-01/P1M,51208
E10000030,2024-03-01/P1M,39785
E06000027,2023-04-01/P1M,939
E06000027,2023-05-01/P1M,1197
E06000027,2023-06-01/P1M,1257
E06000027,2023-07-01/P1M,1419
E06000027,2023-08-01/P1M,1226
E06000027,2023-09-01/P1M,1344
E06000027,2023-10-01/P1M,1543
E06000027,2023-11-01/P1M,1495
E06000027,2023-12-01/P1M,1306
E06000027,2024-01-01/P1M,1709
E06000027,2024-02-01/P1M,1610
E06000027,2024-03-01/P1M,2217
E08000036,2023-04-01/P1M,4064
E08000036,2023-05-01/P1M,3692
E08000036,2023-06-01/P1M,2476
E08000036,2023-07-01/P1M,2747
E08000036,2023-08-01/P1M,2554
E08000036,2023-09-01/P1M,2514
E08000036,2023-10-01/P1M,3305
E08000036,2023-11-01/P1M,3843
E08000036,2023-12-01/P1M,3415
E08000036,2024-01-01/P1M,5141
E08000036,2024-02-01/P1M,4798
E08000036,2024-03-01/P1M,5409
E09000032,2023-04-01/P1M,8353
E09000032,2023-05-01/P1M,9122
E09000032,2023-06-01/P1M,7604
E09000032,2023-07-01/P1M,6798
E09000032,2023-08-01/P1M,7521
E09000032,2023-09-01/P1M,7592
E09000032,2023-10-01/P1M,8111
E09000032,2023-11-01/P1M,7792
E09000032,2023-12-01/P1M,6551
E09000032,2024-01-01/P1M,8729
E09000032,2024-02-01/P1M,8787
E09000032,2024-03-01/P1M,8961
E10000031,2023-04-01/P1M,17710
E10000031,2023-05-01/P1M,20475
E10000031,2023-06-01/P1M,17254
E10000031,2023-07-01/P1M,15960
E10000031,2023-08-01/P1M,15619
E10000031,2023-09-01/P1M,15954
E10000031,2023-10-01/P1M,18588
E10000031,2023-11-01/P1M,18618
E10000031,2023-12-01/P1M,14839
E10000031,2024-01-01/P1M,41987
E10000031,2024-02-01/P1M,21004
E10000031,2024-03-01/P1M,19844
E06000064,2023-04-01/P1M,9182
E06000064,2023-05-01/P1M,10257
E06000064,2023-06-01/P1M,10254
E06000064,2023-07-01/P1M,10361
E06000064,2023-08-01/P1M,10398
E06000064,2023-09-01/P1M,10731
E06000064,2023-10-01/P1M,10860
E06000064,2023-11-01/P1M,11738
E06000064,2023-12-01/P1M,9796
E06000064,2024-01-01/P1M,10961
E06000064,2024-02-01/P1M,11706
E06000064,2024-03-01/P1M,11540
E08000031,2023-04-01/P1Y,157750
E09000003,2024-04-01/P1M,15774
E09000003,2024-05-01/P1M,16151
E09000003,2024-06-01/P1M,11978
E09000003,2024-07-01/P1M,7873
E09000003,2024-08-01/P1M,7630
E09000003,2024-09-01/P1M,9407
E09000003,2024-10-01/P1M,11770
E09000003,2024-11-01/P1M,10524
E09000003,2024-12-01/P1M,7932
E09000003,2025-01-01/P1M,10009
E09000003,2025-02-01/P1M,9467
E09000003,2025-03-01/P1M,10335
E08000016,2024-04-01/P1Y,0
E06000022,2024-04-01/P1Y,0
E08000025,2024-04-01/P1Y,0
E06000008,2024-04-01/P1Y,0
E06000009,2024-04-01/P1Y,0
E08000001,2024-04-01/P1M,11501
E08000001,2024-05-01/P1M,13593
E08000001,2024-06-01/P1M,14012
E08000001,2024-07-01/P1M,12812
E08000001,2024-08-01/P1M,9708
E08000001,2024-09-01/P1M,12370
E08000001,2024-10-01/P1M,11278
E08000001,2024-11-01/P1M,9918
E08000001,2024-12-01/P1M,16625
E08000001,2025-01-01/P1M,96058
E08000001,2025-02-01/P1M,0
E08000001,2025-03-01/P1M,0
E06000058,2024-04-01/P1Y,0
E08000032,2024-04-01/P1Y,0
E09000005,2024-04-01/P1Y,0
E06000023,2024-04-01/P1M,17271
E06000023,2024-05-01/P1M,17126
E06000023,2024-06-01/P1M,11268
E06000023,2024-07-01/P1M,9820
E06000023,2024-08-01/P1M,9703
E06000023,2024-09-01/P1M,13272
E06000023,2024-10-01/P1M,15160
E06000023,2024-11-01/P1M,15364
E06000023,2024-12-01/P1M,12100
E06000023,2025-01-01/P1M,16024
E06000023,2025-02-01/P1M,13986
E06000023,2025-03-01/P1M,18265
E09000006,2024-04-01/P1M,11377
E09000006,2024-05-01/P1M,11478
E09000006,2024-06-01/P1M,8655
E09000006,2024-07-01/P1M,6276
E09000006,2024-08-01/P1M,6259
E09000006,2024-09-01/P1M,6403
E09000006,2024-10-01/P1M,7703
E09000006,2024-11-01/P1M,6940
E09000006,2024-12-01/P1M,7225
E09000006,2025-01-01/P1M,9395
E09000006,2025-02-01/P1M,8078
E09000006,2025-03-01/P1M,8992
E08000033,2024-04-01/P1M,2381
E08000033,2024-05-01/P1M,2140
E08000033,2024-06-01/P1M,1899
E08000033,2024-07-01/P1M,1812
E08000033,2024-08-01/P1M,1892
E08000033,2024-09-01/P1M,1961
E08000033,2024-10-01/P1M,2263
E08000033,2024-11-01/P1M,2009
E08000033,2024-12-01/P1M,2387
E08000033,2025-01-01/P1M,2437
E08000033,2025-02-01/P1M,2195
E08000033,2025-03-01/P1M,2003
E10000003,2024-04-01/P1Y,0
E06000049,2024-04-01/P1Y,0
E06000050,2024-04-01/P1Y,0
E09000001,2024-04-01/P1Y,0
E06000052,2024-04-01/P1Y,0
E08000026,2024-04-01/P1M,48102
E08000026,2024-05-01/P1M,48325
E08000026,2024-06-01/P1M,42859
E08000026,2024-07-01/P1M,40915
E08000026,2024-08-01/P1M,34719
E08000026,2024-09-01/P1M,44932
E08000026,2024-10-01/P1M,49125
E08000026,2024-11-01/P1M,45317
E08000026,2024-12-01/P1M,28412
E08000026,2025-01-01/P1M,41823
E08000026,2025-02-01/P1M,53082
E08000026,2025-03-01/P1M,45950
E09000008,2024-04-01/P1Y,0
E06000063,2024-04-01/P1M,22860
E06000063,2024-05-01/P1M,23847
E06000063,2024-06-01/P1M,23032
E06000063,2024-07-01/P1M,22800
E06000063,2024-08-01/P1M,20938
E06000063,2024-09-01/P1M,24357
E06000063,2024-10-01/P1M,24611
E06000063,2024-11-01/P1M,12393
E06000063,2024-12-01/P1M,14027
E06000063,2025-01-01/P1M,15274
E06000063,2025-02-01/P1M,11868
E06000063,2025-03-01/P1M,15547
E06000005,2024-04-01/P1Y,0
E10000007,2024-04-01/P1Y,0
E10000008,2024-04-01/P1M,16532
E10000008,2024-05-01/P1M,12298
E10000008,2024-06-01/P1M,8731
E10000008,2024-07-01/P1M,14982
E10000008,2024-08-01/P1M,14519
E10000008,2024-09-01/P1M,17155
E10000008,2024-10-01/P1M,20285
E10000008,2024-11-01/P1M,19596
E10000008,2024-12-01/P1M,14491
E10000008,2025-01-01/P1M,19411
E10000008,2025-02-01/P1M,17016
E10000008,2025-03-01/P1M,19088
E08000017,2024-04-01/P1Y,0
E06000059,2024-04-01/P1Y,0
E08000027,2024-04-01/P1Y,0
E09000009,2024-04-01/P1Y,0
E06000011,2024-04-01/P1M,13110
E06000011,2024-05-01/P1M,13516
E06000011,2024-06-01/P1M,14790
E06000011,2024-07-01/P1M,15996
E06000011,2024-08-01/P1M,16244
E06000011,2024-09-01/P1M,18330
E06000011,2024-10-01/P1M,18631
E06000011,2024-11-01/P1M,18060
E06000011,2024-12-01/P1M,15221
E06000011,2025-01-01/P1M,19468
E06000011,2025-02-01/P1M,19404
E06000011,2025-03-01/P1M,23901
E10000011,2024-04-01/P1M,3771
E10000011,2024-05-01/P1M,3463
E10000011,2024-06-01/P1M,2812
E10000011,2024-07-01/P1M,3120
E10000011,2024-08-01/P1M,3061
E10000011,2024-09-01/P1M,3040
E10000011,2024-10-01/P1M,3405
E10000011,2024-11-01/P1M,3305
E10000011,2024-12-01/P1M,2605
E10000011,2025-01-01/P1M,3627
E10000011,2025-02-01/P1M,2947
E10000011,2025-03-01/P1M,2741
E09000010,2024-04-01/P1Y,0
E10000012,2024-05-01/P3M,12678
E10000012,2024-06-01/P3M,11512
E10000012,2024-07-01/P3M,11349
E10000012,2024-08-01/P3M,11699
E08000037,2024-04-01/P1Y,0
E10000013,2024-04-01/P1Y,0
E09000011,2024-04-01/P1M,36360
E09000011,2024-05-01/P1M,35804
E09000011,2024-06-01/P1M,28709
E09000011,2024-07-01/P1M,26457
E09000011,2024-08-01/P1M,26144
E09000011,2024-09-01/P1M,25044
E09000011,2024-10-01/P1M,29744
E09000011,2024-11-01/P1M,26669
E09000011,2024-12-01/P1M,18981
E09000011,2025-01-01/P1M,33871
E09000011,2025-02-01/P1M,34275
E09000011,2025-03-01/P1M,34927
E09000012,2024-04-01/P1Y,0
E10000014,2024-04-01/P1Y,0
E09000015,2024-04-01/P1M,10909
E09000015,2024-05-01/P1M,10992
E09000015,2024-06-01/P1M,7852
E09000015,2024-07-01/P1M,4024
E09000015,2024-08-01/P1M,6236
E09000015,2024-09-01/P1M,5261
E09000015,2024-10-01/P1M,6404
E09000015,2024-11-01/P1M,7964
E09000015,2024-12-01/P1M,6896
E09000015,2025-01-01/P1M,8020
E09000015,2025-02-01/P1M,8340
E09000015,2025-03-01/P1M,9061
E06000001,2024-04-01/P1Y,0
E09000016,2024-04-01/P1M,6525
E09000016,2024-05-01/P1M,6505
E09000016,2024-06-01/P1M,5139
E09000016,2024-07-01/P1M,3033
E09000016,2024-08-01/P1M,2639
E09000016,2024-09-01/P1M,2956
E09000016,2024-10-01/P1M,3406
E09000016,2024-11-01/P1M,3503
E09000016,2024-12-01/P1M,2685
E09000016,2025-01-01/P1M,4050
E09000016,2025-02-01/P1M,3872
E09000016,2025-03-01/P1M,4853
E06000019,2024-04-01/P1Y,0
E09000017,2024-04-01/P1Y,0
E06000046,2024-04-01/P1Y,0
E10000016,2024-04-01/P1M,9974
E10000016,2024-05-01/P1M,10198
E10000016,2024-06-01/P1M,9009
E10000016,2024-07-01/P1M,9347
E10000016,2024-08-01/P1M,9179
E10000016,2024-09-01/P1M,9445
E10000016,2024-10-01/P1M,10391
E10000016,2024-11-01/P1M,9374
E10000016,2024-12-01/P1M,7631
E10000016,2025-01-01/P1M,9254
E10000016,2025-02-01/P1M,8584
E10000016,2025-03-01/P1M,9345
E06000010,2024-04-01/P1Y,0
E09000021,2024-04-01/P1Y,0
E08000034,2024-04-01/P1Y,0
E08000011,2024-04-01/P1M,1483
E08000011,2024-05-01/P1M,1608
E08000011,2024-06-01/P1M,1480
E08000011,2024-07-01/P1M,1728
E08000011,2024-08-01/P1M,1732
E08000011,2024-09-01/P1M,1744
E08000011,2024-10-01/P1M,1930
E08000011,2024-11-01/P1M,1872
E08000011,2024-12-01/P1M,1632
E08000011,2025-01-01/P1M,1980
E08000011,2025-02-01/P1M,1977
E08000011,2025-03-01/P1M,2132
E06000016,2024-04-01/P1M,0
E06000016,2024-05-01/P1M,0
E06000016,2024-06-01/P1M,27243
E06000016,2024-07-01/P1M,0
E06000016,2024-08-01/P1M,0
E06000016,2024-09-01/P1M,24608
E06000016,2024-10-01/P1M,0
E06000016,2024-11-01/P1M,0
E06000016,2024-12-01/P1M,22859
E06000016,2025-01-01/P1M,0
E06000016,2025-02-01/P1M,0
E06000016,2025-03-01/P1M,24167
E09000023,2024-04-01/P1M,1436
E09000023,2024-05-01/P1M,1266
E09000023,2024-06-01/P1M,1110
E09000023,2024-07-01/P1M,863
E09000023,2024-08-01/P1M,1257
E09000023,2024-09-01/P1M,1279
E09000023,2024-10-01/P1M,1444
E09000023,2024-11-01/P1M,1200
E09000023,2024-12-01/P1M,901
E09000023,2025-01-01/P1M,1068
E09000023,2025-02-01/P1M,1265
E09000023,2025-03-01/P1M,1391
E10000019,2024-04-01/P1M,4362
E10000019,2024-05-01/P1M,4365
E10000019,2024-06-01/P1M,3994
E10000019,2024-07-01/P1M,3621
E10000019,2024-08-01/P1M,3625
E10000019,2024-09-01/P1M,3802
E10000019,2024-10-01/P1M,4075
E10000019,2024-11-01/P1M,4251
E10000019,2024-12-01/P1M,3576
E10000019,2025-01-01/P1M,5348
E10000019,2025-02-01/P1M,4615
E10000019,2025-03-01/P1M,5098
E08000012,2024-04-01/P1Y,0
E06000032,2024-04-01/P1Y,0
E08000003,2024-04-01/P1M,22269
E08000003,2024-05-01/P1M,22688
E08000003,2024-06-01/P1M,21400
E08000003,2024-07-01/P1M,23122
E08000003,2024-08-01/P1M,21767
E08000003,2024-09-01/P1M,21785
E08000003,2024-10-01/P1M,24944
E08000003,2024-11-01/P1M,22537
E08000003,2024-12-01/P1M,18395
E08000003,2025-01-01/P1M,21953
E08000003,2025-02-01/P1M,22099
E08000003,2025-03-01/P1M,22023
E09000024,2024-04-01/P1M,0
E09000024,2024-05-01/P1M,0
E09000024,2024-06-01/P1M,5675
E09000024,2024-07-01/P1M,0
E09000024,2024-08-01/P1M,0
E09000024,2024-09-01/P1M,5562
E09000024,2024-10-01/P1M,0
E09000024,2024-11-01/P1M,0
E09000024,2024-12-01/P1M,5643
E09000024,2025-01-01/P1M,0
E09000024,2025-02-01/P1M,0
E09000024,2025-03-01/P1M,5825
E06000042,2024-04-01/P1M,5026
E06000042,2024-05-01/P1M,4939
E06000042,2024-06-01/P1M,3927
E06000042,2024-07-01/P1M,3486
E06000042,2024-08-01/P1M,3706
E06000042,2024-09-01/P1M,3830
E06000042,2024-10-01/P1M,4320
E06000042,2024-11-01/P1M,4310
E06000042,2024-12-01/P1M,3897
E06000042,2025-01-01/P1M,4367
E06000042,2025-02-01/P1M,4366
E06000042,2025-03-01/P1M,4573
E08000021,2024-04-01/P1Y,0
E06000012,2024-04-01/P1Y,0
E06000013,2024-04-01/P1Y,0
E06000061,2024-04-01/P1M,4997
E06000061,2024-05-01/P1M,4731
E06000061,2024-06-01/P1M,4619
E06000061,2024-07-01/P1M,4298
E06000061,2024-08-01/P1M,3942
E06000061,2024-09-01/P1M,4655
E06000061,2024-10-01/P1M,4964
E06000061,2024-11-01/P1M,5513
E06000061,2024-12-01/P1M,5131
E06000061,2025-01-01/P1M,5866
E06000061,2025-02-01/P1M,5580
E06000061,2025-03-01/P1M,5905
E06000024,2024-04-01/P1Y,0
E08000022,2024-04-01/P1M,4389
E08000022,2024-05-01/P1M,4591
E08000022,2024-06-01/P1M,3866
E08000022,2024-07-01/P1M,5525
E08000022,2024-08-01/P1M,5264
E08000022,2024-09-01/P1M,3455
E08000022,2024-10-01/P1M,4122
E08000022,2024-11-01/P1M,6065
E08000022,2024-12-01/P1M,5933
E08000022,2025-01-01/P1M,6710
E08000022,2025-02-01/P1M,4922
E08000022,2025-03-01/P1M,5411
E06000065,2024-04-01/P1M,119740
E06000065,2024-05-01/P1M,132399
E06000065,2024-06-01/P1M,104379
E06000065,2024-07-01/P1M,138392
E06000065,2024-08-01/P1M,132178
E06000065,2024-09-01/P1M,143226
E06000065,2024-10-01/P1M,164535
E06000065,2024-11-01/P1M,153236
E06000065,2024-12-01/P1M,115138
E06000065,2025-01-01/P1M,137518
E06000065,2025-02-01/P1M,134891
E06000065,2025-03-01/P1M,145162
E06000057,2024-04-01/P1Y,0
E06000018,2024-04-01/P1Y,0
E10000024,2024-04-01/P1M,14232
E10000024,2024-05-01/P1M,15442
E10000024,2024-06-01/P1M,13501
E10000024,2024-07-01/P1M,11330
E10000024,2024-08-01/P1M,9805
E10000024,2024-09-01/P1M,13521
E10000024,2024-10-01/P1M,14203
E10000024,2024-11-01/P1M,12570
E10000024,2024-12-01/P1M,6471
E10000024,2025-01-01/P1M,5994
E10000024,2025-02-01/P1M,4506
E10000024,2025-03-01/P1M,5351
E08000004,2024-04-01/P1Y,0
E10000025,2024-04-01/P1M,6328
E10000025,2024-05-01/P1M,6328
E10000025,2024-06-01/P1M,6328
E10000025,2024-07-01/P1M,6328
E10000025,2024-08-01/P1M,6328
E10000025,2024-09-01/P1M,6328
E10000025,2024-10-01/P1M,16728
E10000025,2024-11-01/P1M,17373
E10000025,2024-12-01/P1M,17294
E10000025,2025-01-01/P1M,18504
E10000025,2025-02-01/P1M,18460
E10000025,2025-03-01/P1M,19360
E06000031,2024-04-01/P1M,2430
E06000031,2024-05-01/P1M,2517
E06000031,2024-06-01/P1M,2154
E06000031,2024-07-01/P1M,2024
E06000031,2024-08-01/P1M,1748
E06000031,2024-09-01/P1M,1850
E06000031,2024-10-01/P1M,2451
E06000031,2024-11-01/P1M,2512
E06000031,2024-12-01/P1M,1805
E06000031,2025-01-01/P1M,2194
E06000031,2025-02-01/P1M,2240
E06000031,2025-03-01/P1M,2293
E06000038,2024-04-01/P1M,929
E06000038,2024-05-01/P1M,826
E06000038,2024-06-01/P1M,873
E06000038,2024-07-01/P1M,437
E06000038,2024-08-01/P1M,616
E06000038,2024-09-01/P1M,750
E06000038,2024-10-01/P1M,929
E06000038,2024-11-01/P1M,915
E06000038,2024-12-01/P1M,554
E06000038,2025-01-01/P1M,759
E06000038,2025-02-01/P1M,743
E06000038,2025-03-01/P1M,839
E09000026,2024-04-01/P1M,24526
E09000026,2024-05-01/P1M,25118
E09000026,2024-06-01/P1M,19785
E09000026,2024-07-01/P1M,16451
E09000026,2024-08-01/P1M,14951
E09000026,2024-09-01/P1M,19915
E09000026,2024-10-01/P1M,23492
E09000026,2024-11-01/P1M,23904
E09000026,2024-12-01/P1M,20265
E09000026,2025-01-01/P1M,23949
E09000026,2025-02-01/P1M,23141
E09000026,2025-03-01/P1M,25149
E06000003,2024-04-01/P1M,980
E06000003,2024-05-01/P1M,1031
E06000003,2024-06-01/P1M,989
E06000003,2024-07-01/P1M,1096
E06000003,2024-08-01/P1M,980
E06000003,2024-09-01/P1M,1059
E06000003,2024-10-01/P1M,1014
E06000003,2024-11-01/P1M,914
E06000003,2024-12-01/P1M,614
E06000003,2025-01-01/P1M,942
E06000003,2025-02-01/P1M,852
E06000003,2025-03-01/P1M,950
E09000027,2024-04-01/P1Y,0
E08000005,2024-04-01/P1Y,0
E08000018,2024-04-01/P1Y,0
E06000017,2024-04-01/P1Y,0
E08000006,2024-04-01/P1Y,0
E08000028,2024-04-01/P1M,15291
E08000028,2024-05-01/P1M,8960
E08000028,2024-06-01/P1M,8843
E08000028,2024-07-01/P1M,8586
E08000028,2024-08-01/P1M,7576
E08000028,2024-09-01/P1M,5774
E08000028,2024-10-01/P1M,8489
E08000028,2024-11-01/P1M,7847
E08000028,2024-12-01/P1M,6625
E08000028,2025-01-01/P1M,7916
E08000028,2025-02-01/P1M,8435
E08000028,2025-03-01/P1M,8117
E08000014,2024-04-01/P1Y,0
E08000019,2024-04-01/P1Y,0
E06000051,2024-04-01/P1Y,0
E06000025,2024-04-01/P1Y,0
E08000023,2024-04-01/P1M,8038
E08000023,2024-05-01/P1M,8923
E08000023,2024-06-01/P1M,8438
E08000023,2024-07-01/P1M,8094
E08000023,2024-08-01/P1M,7056
E08000023,2024-09-01/P1M,7271
E08000023,2024-10-01/P1M,7853
E08000023,2024-11-01/P1M,7635
E08000023,2024-12-01/P1M,6410
E08000023,2025-01-01/P1M,6892
E08000023,2025-02-01/P1M,7130
E08000023,2025-03-01/P1M,8140
E09000028,2024-04-01/P1M,58805
E09000028,2024-05-01/P1M,57741
E09000028,2024-06-01/P1M,47284
E09000028,2024-07-01/P1M,42326
E09000028,2024-08-01/P1M,41479
E09000028,2024-09-01/P1M,42046
E09000028,2024-10-01/P1M,54747
E09000028,2024-11-01/P1M,50877
E09000028,2024-12-01/P1M,44279
E09000028,2025-01-01/P1M,61316
E09000028,2025-02-01/P1M,57916
E09000028,2025-03-01/P1M,65281
E08000013,2024-04-01/P1Y,0
E10000028,2024-04-01/P1Y,0
E06000004,2024-04-01/P1Y,0
E06000021,2024-04-01/P1M,1574
E06000021,2024-05-01/P1M,1666
E06000021,2024-06-01/P1M,1336
E06000021,2024-07-01/P1M,1642
E06000021,2024-08-01/P1M,1513
E06000021,2024-09-01/P1M,1566
E06000021,2024-10-01/P1M,1448
E06000021,2024-11-01/P1M,1106
E06000021,2024-12-01/P1M,1136
E06000021,2025-01-01/P1M,1603
E06000021,2025-02-01/P1M,1982
E06000021,2025-03-01/P1M,1952
E08000024,2024-04-01/P1Y,0
E10000030,2024-04-01/P1Y,0
E09000029,2024-04-01/P1Y,0
E08000008,2024-04-01/P1Y,0
E06000020,2024-04-01/P1Y,0
E06000034,2024-04-01/P1Y,0
E06000027,2024-04-01/P1M,2297
E06000027,2024-05-01/P1M,2216
E06000027,2024-06-01/P1M,2104
E06000027,2024-07-01/P1M,2305
E06000027,2024-08-01/P1M,2207
E06000027,2024-09-01/P1M,2448
E06000027,2024-10-01/P1M,2460
E06000027,2024-11-01/P1M,2347
E06000027,2024-12-01/P1M,1706
E06000027,2025-01-01/P1M,2190
E06000027,2025-02-01/P1M,2156
E06000027,2025-03-01/P1M,2317
E09000030,2024-04-01/P1Y,0
E08000009,2024-04-01/P1Y,0
E08000036,2024-04-01/P1M,5352
E08000036,2024-05-01/P1M,6493
E08000036,2024-06-01/P1M,1941
E08000036,2024-07-01/P1M,3672
E08000036,2024-08-01/P1M,4179
E08000036,2024-09-01/P1M,1647
E08000036,2024-10-01/P1M,3328
E08000036,2024-11-01/P1M,5490
E08000036,2024-12-01/P1M,0
E08000036,2025-01-01/P1M,0
E08000036,2025-02-01/P1M,187
E08000036,2025-03-01/P1M,433
E08000030,2024-04-01/P1Y,0
E09000031,2024-04-01/P1Y,0
E09000032,2024-04-01/P1M,11274
E09000032,2024-05-01/P1M,10777
E09000032,2024-06-01/P1M,8724
E09000032,2024-07-01/P1M,7259
E09000032,2024-08-01/P1M,6607
E09000032,2024-09-01/P1M,7642
E09000032,2024-10-01/P1M,8776
E09000032,2024-11-01/P1M,8266
E09000032,2024-12-01/P1M,6592
E09000032,2025-01-01/P1M,10233
E09000032,2025-02-01/P1M,9148
E09000032,2025-03-01/P1M,11104
E06000007,2024-04-01/P1Y,0
E10000031,2024-04-01/P1M,23519
E10000031,2024-05-01/P1M,23300
E10000031,2024-06-01/P1M,19724
E10000031,2024-07-01/P1M,19060
E10000031,2024-08-01/P1M,19443
E10000031,2024-09-01/P1M,19174
E10000031,2024-10-01/P1M,21001
E10000031,2024-11-01/P1M,18914
E10000031,2024-12-01/P1M,34554
E10000031,2025-01-01/P1M,7143
E10000031,2025-02-01/P1M,13278
E10000031,2025-03-01/P1M,24665
E06000037,2024-04-01/P1Y,0
E06000062,2024-04-01/P1M,9221
E06000062,2024-05-01/P1M,8828
E06000062,2024-06-01/P1M,2372
E06000062,2024-07-01/P1M,8533
E06000062,2024-08-01/P1M,7941
E06000062,2024-09-01/P1M,8999
E06000062,2024-10-01/P1M,9893
E06000062,2024-11-01/P1M,9801
E06000062,2024-12-01/P1M,8964
E06000062,2025-01-01/P1M,9873
E06000062,2025-02-01/P1M,10446
E06000062,2025-03-01/P1M,10558
E10000032,2024-04-01/P1Y,0
E06000064,2024-04-01/P1M,11494
E06000064,2024-05-01/P1M,11382
E06000064,2024-06-01/P1M,10738
E06000064,2024-07-01/P1M,11802
E06000064,2024-08-01/P1M,10512
E06000064,2024-09-01/P1M,10876
E06000064,2024-10-01/P1M,11239
E06000064,2024-11-01/P1M,10453
E06000064,2024-12-01/P1M,8502
E06000064,2025-01-01/P1M,9469
E06000064,2025-02-01/P1M,9799
E06000064,2025-03-01/P1M,11698
E08000010,2024-04-01/P1Y,0
E06000054,2024-04-01/P1Y,0
E06000040,2024-04-01/P1Y,0
E08000015,2024-04-01/P1Y,0
E08000031,2024-04-01/P1Y,0
E10000034,2024-04-01/P1Y,0
E06000014,2024-04-01/P1Y,0
E09000003,2025-04-01/P1M,16082
E09000003,2025-05-01/P1M,17682
E09000003,2025-06-01/P1M,10833
E09000003,2025-07-01/P1M,9027
E09000003,2025-08-01/P1M,9527
E09000003,2025-09-01/P1M,11989
E09000003,2025-10-01/P1M,16755
E09000003,2025-11-01/P1M,16304
E09000003,2025-12-01/P1M,10300
E09000003,2026-01-01/P1M,17077
E09000003,2026-02-01/P1M,17747
E09000003,2026-03-01/P1M,20499
E08000016,2025-04-01/P1Y,0
E09000004,2025-04-01/P1Y,0
E06000008,2025-04-01/P1Y,0
E06000009,2025-04-01/P1Y,0
E08000001,2025-04-01/P1Y,0
E06000058,2025-04-01/P1Y,0
E08000032,2025-04-01/P1Y,0
E09000005,2025-04-01/P1Y,0
E06000043,2025-04-01/P1Y,0
E06000023,2025-04-01/P1M,18876
E06000023,2025-05-01/P1M,15009
E06000023,2025-06-01/P1M,12363
E06000023,2025-07-01/P1M,8619
E06000023,2025-08-01/P1M,7637
E06000023,2025-09-01/P1M,11100
E06000023,2025-10-01/P1M,13166
E06000023,2025-11-01/P1M,12418
E06000023,2025-12-01/P1M,10914
E06000023,2026-01-01/P1M,13157
E06000023,2026-02-01/P1M,11453
E06000023,2026-03-01/P1M,14250
E06000060,2025-04-01/P1Y,0
E08000033,2025-04-01/P1Y,0
E09000007,2025-04-01/P1M,15364
E09000007,2025-05-01/P1M,16074
E09000007,2025-06-01/P1M,16119
E09000007,2025-07-01/P1M,15817
E09000007,2025-08-01/P1M,17239
E09000007,2025-09-01/P1M,16815
E09000007,2025-10-01/P1M,18349
E09000007,2025-11-01/P1M,18363
E09000007,2025-12-01/P1M,15343
E09000007,2026-01-01/P1M,18587
E09000007,2026-02-01/P1M,18130
E09000007,2026-03-01/P1M,18949
E10000003,2025-04-01/P1Y,0
E06000056,2025-04-01/P1Y,0
E06000049,2025-04-01/P1Y,0
E06000050,2025-04-01/P1Y,0
E09000001,2025-04-01/P1Y,0
E06000052,2025-04-01/P1Y,0
E08000026,2025-04-01/P1M,56363
E08000026,2025-05-01/P1M,48349
E08000026,2025-06-01/P1M,46414
E08000026,2025-07-01/P1M,42073
E08000026,2025-08-01/P1M,40648
E08000026,2025-09-01/P1M,45060
E08000026,2025-10-01/P1M,42015
E08000026,2025-11-01/P1M,56119
E08000026,2025-12-01/P1M,41406
E08000026,2026-01-01/P1M,45427
E08000026,2026-02-01/P1M,58891
E08000026,2026-03-01/P1M,62268
E09000008,2025-04-01/P1Y,0
E06000063,2025-04-01/P1M,19190
E06000063,2025-05-01/P1M,18966
E06000063,2025-06-01/P1M,21652
E06000063,2025-07-01/P1M,22298
E06000063,2025-08-01/P1M,19582
E06000063,2025-09-01/P1M,21481
E06000063,2025-10-01/P1M,21646
E06000063,2025-11-01/P1M,21090
E06000063,2025-12-01/P1M,13577
E06000063,2026-01-01/P1M,13030
E06000063,2026-02-01/P1M,14345
E06000063,2026-03-01/P1M,15784
E06000005,2025-04-01/P1Y,0
E06000015,2025-04-01/P1Y,0
E10000007,2025-04-01/P1Y,0
E10000008,2025-04-01/P1M,16841
E10000008,2025-05-01/P1M,17646
E10000008,2025-06-01/P1M,14969
E10000008,2025-07-01/P1M,13670
E10000008,2025-08-01/P1M,13294
E10000008,2025-09-01/P1M,12550
E10000008,2025-10-01/P1M,9904
E10000008,2025-11-01/P1M,16224
E10000008,2025-12-01/P1M,14554
E10000008,2026-01-01/P1M,18402
E10000008,2026-02-01/P1M,16915
E10000008,2026-03-01/P1M,19948
E08000017,2025-04-01/P1Y,0
E06000059,2025-04-01/P1Y,0
E08000027,2025-04-01/P1Y,0
E10000011,2025-04-01/P1M,4038
E10000011,2025-05-01/P1M,3758
E10000011,2025-06-01/P1M,3320
E10000011,2025-07-01/P1M,3486
E10000011,2025-08-01/P1M,3146
E10000011,2025-09-01/P1M,3263
E10000011,2025-10-01/P1M,3554
E10000011,2025-11-01/P1M,3261
E10000011,2025-12-01/P1M,3042
E10000011,2026-01-01/P1M,3883
E10000011,2026-02-01/P1M,3324
E10000011,2026-03-01/P1M,3699
E08000037,2025-04-01/P1Y,0
E10000013,2025-04-01/P1Y,0
E09000011,2025-04-01/P1M,36836
E09000011,2025-05-01/P1M,51950
E09000011,2025-06-01/P1M,38346
E09000011,2025-07-01/P1M,34295
E09000011,2025-08-01/P1M,31810
E09000011,2025-09-01/P1M,35911
E09000011,2025-10-01/P1M,37164
E09000011,2025-11-01/P1M,32048
E09000011,2025-12-01/P1M,28998
E09000011,2026-01-01/P1M,37539
E09000011,2026-02-01/P1M,33465
E09000011,2026-03-01/P1M,41201
E06000006,2025-04-01/P1Y,0
E09000013,2025-04-01/P1M,6354
E09000013,2025-05-01/P1M,6225
E09000013,2025-06-01/P1M,6225
E09000013,2025-07-01/P1M,6865
E09000013,2025-08-01/P1M,6078
E09000013,2025-09-01/P1M,6883
E09000013,2025-10-01/P1M,6995
E09000013,2025-11-01/P1M,6603
E09000013,2025-12-01/P1M,5028
E09000013,2026-01-01/P1M,6919
E09000013,2026-02-01/P1M,6630
E09000013,2026-03-01/P1M,7130
E06000001,2025-04-01/P1Y,0
E06000019,2025-04-01/P1M,0
E06000019,2025-05-01/P1M,0
E06000019,2025-06-01/P1M,2893
E06000019,2025-07-01/P1M,0
E06000019,2025-08-01/P1M,0
E06000019,2025-09-01/P1M,1865
E06000019,2025-10-01/P1M,0
E06000019,2025-11-01/P1M,0
E06000019,2025-12-01/P1M,1236
E06000019,2026-01-01/P1M,0
E06000019,2026-02-01/P1M,0
E06000019,2026-03-01/P1M,2055
E10000015,2025-04-01/P1Y,0
E09000017,2025-04-01/P1Y,0
E06000046,2025-04-01/P1Y,0
E09000019,2025-04-01/P1Y,0
E09000020,2025-04-01/P1Y,0
E10000016,2025-04-01/P1M,9886
E10000016,2025-05-01/P1M,9186
E10000016,2025-06-01/P1M,8382
E10000016,2025-07-01/P1M,8764
E10000016,2025-08-01/P1M,8267
E10000016,2025-09-01/P1M,9207
E10000016,2025-10-01/P1M,9953
E10000016,2025-11-01/P1M,8747
E10000016,2025-12-01/P1M,7348
E10000016,2026-01-01/P1M,8786
E10000016,2026-02-01/P1M,9164
E10000016,2026-03-01/P1M,10366
E06000010,2025-04-01/P1M,0
E06000010,2025-05-01/P1M,0
E06000010,2025-06-01/P1M,0
E06000010,2025-07-01/P1M,0
E06000010,2025-08-01/P1M,0
E06000010,2025-09-01/P1M,0
E06000010,2025-10-01/P1M,0
E06000010,2025-11-01/P1M,2376
E06000010,2025-12-01/P1M,2180
E06000010,2026-01-01/P1M,2395
E06000010,2026-02-01/P1M,2577
E06000010,2026-03-01/P1M,2842
E08000034,2025-04-01/P1Y,0
E08000035,2025-04-01/P1Y,0
E10000019,2025-04-01/P1M,5606
E10000019,2025-05-01/P1M,6158
E10000019,2025-06-01/P1M,5410
E10000019,2025-07-01/P1M,5778
E10000019,2025-08-01/P1M,5363
E10000019,2025-09-01/P1M,5479
E10000019,2025-10-01/P1M,5877
E10000019,2025-11-01/P1M,5341
E10000019,2025-12-01/P1M,5493
E10000019,2026-01-01/P1M,6480
E10000019,2026-02-01/P1M,5998
E10000019,2026-03-01/P1M,7204
E08000012,2025-04-01/P1Y,0
E09000024,2025-04-01/P1M,2493
E09000024,2025-05-01/P1M,8255
E09000024,2025-06-01/P1M,1484
E09000024,2025-07-01/P1M,1447
E09000024,2025-08-01/P1M,1721
E09000024,2025-09-01/P1M,3210
E09000024,2025-10-01/P1M,3093
E09000024,2025-11-01/P1M,2602
E09000024,2025-12-01/P1M,2193
E09000024,2026-01-01/P1M,2742
E09000024,2026-02-01/P1M,2252
E09000024,2026-03-01/P1M,2482
E06000002,2025-04-01/P1Y,0
E06000042,2025-04-01/P1M,5490
E06000042,2025-05-01/P1M,5321
E06000042,2025-06-01/P1M,3769
E06000042,2025-07-01/P1M,3523
E06000042,2025-08-01/P1M,3853
E06000042,2025-09-01/P1M,4059
E06000042,2025-10-01/P1M,2332
E06000042,2025-11-01/P1M,923
E06000042,2025-12-01/P1M,879
E06000042,2026-01-01/P1M,3473
E06000042,2026-02-01/P1M,4298
E06000042,2026-03-01/P1M,4683
E08000021,2025-04-01/P1Y,0
E09000025,2025-04-01/P1M,9498
E09000025,2025-05-01/P1M,8625
E09000025,2025-06-01/P1M,6976
E09000025,2025-07-01/P1M,5880
E09000025,2025-08-01/P1M,5423
E09000025,2025-09-01/P1M,6162
E09000025,2025-10-01/P1M,7996
E09000025,2025-11-01/P1M,8154
E09000025,2025-12-01/P1M,6801
E09000025,2026-01-01/P1M,8295
E09000025,2026-02-01/P1M,7586
E09000025,2026-03-01/P1M,8554
E06000012,2025-04-01/P1Y,0
E06000013,2025-04-01/P1Y,0
E06000061,2025-04-01/P1M,0
E06000061,2025-05-01/P1M,0
E06000061,2025-06-01/P1M,0
E06000061,2025-07-01/P1M,0
E06000061,2025-08-01/P1M,0
E06000061,2025-09-01/P1M,473
E06000061,2025-10-01/P1M,11133
E06000061,2025-11-01/P1M,9369
E06000061,2025-12-01/P1M,7694
E06000061,2026-01-01/P1M,10048
E06000061,2026-02-01/P1M,11025
E06000061,2026-03-01/P1M,14603
E06000024,2025-04-01/P1Y,0
E08000022,2025-04-01/P1M,4349
E08000022,2025-05-01/P1M,4687
E08000022,2025-06-01/P1M,3599
E08000022,2025-07-01/P1M,4638
E08000022,2025-08-01/P1M,3384
E08000022,2025-09-01/P1M,4140
E08000022,2025-10-01/P1M,6120
E08000022,2025-11-01/P1M,5179
E08000022,2025-12-01/P1M,5255
E08000022,2026-01-01/P1M,4013
E08000022,2026-02-01/P1M,3115
E08000022,2026-03-01/P1M,4816
E06000065,2025-04-01/P1M,136752
E06000065,2025-05-01/P1M,152387
E06000065,2025-06-01/P1M,143863
E06000065,2025-07-01/P1M,148180
E06000065,2025-08-01/P1M,139651
E06000065,2025-09-01/P1M,148242
E06000065,2025-10-01/P1M,171921
E06000065,2025-11-01/P1M,147023
E06000065,2025-12-01/P1M,126732
E06000065,2026-01-01/P1M,158019
E06000065,2026-02-01/P1M,80779
E06000065,2026-03-01/P1M,25403
E06000057,2025-04-01/P1Y,0
E06000018,2025-04-01/P1Y,0
E10000024,2025-04-01/P1M,0
E10000024,2025-05-01/P1M,0
E10000024,2025-06-01/P1M,0
E10000024,2025-07-01/P1M,0
E10000024,2025-08-01/P1M,0
E10000024,2025-09-01/P1M,0
E10000024,2025-10-01/P1M,0
E10000024,2025-11-01/P1M,0
E10000024,2025-12-01/P1M,0
E10000024,2026-01-01/P1M,0
E10000024,2026-02-01/P1M,275260
E10000024,2026-03-01/P1M,308296
E08000004,2025-04-01/P1Y,0
E10000025,2025-04-01/P1M,20465
E10000025,2025-05-01/P1M,20853
E10000025,2025-06-01/P1M,20230
E10000025,2025-07-01/P1M,19198
E10000025,2025-08-01/P1M,17560
E10000025,2025-09-01/P1M,18817
E10000025,2025-10-01/P1M,21078
E10000025,2025-11-01/P1M,20844
E10000025,2025-12-01/P1M,20311
E10000025,2026-01-01/P1M,20649
E10000025,2026-02-01/P1M,21753
E10000025,2026-03-01/P1M,23141
E06000031,2025-04-01/P1Y,0
E06000044,2025-04-01/P1Y,0
E06000038,2025-04-01/P1M,3204
E06000038,2025-05-01/P1M,3001
E06000038,2025-06-01/P1M,2371
E06000038,2025-07-01/P1M,2587
E06000038,2025-08-01/P1M,2952
E06000038,2025-09-01/P1M,2962
E06000038,2025-10-01/P1M,2593
E06000038,2025-11-01/P1M,2264
E06000038,2025-12-01/P1M,2018
E06000038,2026-01-01/P1M,2594
E06000038,2026-02-01/P1M,2773
E06000038,2026-03-01/P1M,3084
E09000027,2025-04-01/P1Y,0
E08000018,2025-04-01/P1Y,0
E08000028,2025-04-01/P1M,7947
E08000028,2025-05-01/P1M,8881
E08000028,2025-06-01/P1M,7375
E08000028,2025-07-01/P1M,7799
E08000028,2025-08-01/P1M,6922
E08000028,2025-09-01/P1M,9107
E08000028,2025-10-01/P1M,9751
E08000028,2025-11-01/P1M,9189
E08000028,2025-12-01/P1M,6950
E08000028,2026-01-01/P1M,7908
E08000028,2026-02-01/P1M,8432
E08000028,2026-03-01/P1M,9287
E08000014,2025-04-01/P1Y,0
E08000019,2025-04-01/P1Y,0
E06000051,2025-04-01/P1Y,0
E06000039,2025-04-01/P1M,298
E06000039,2025-05-01/P1M,356
E06000039,2025-06-01/P1M,243
E06000039,2025-07-01/P1M,225
E06000039,2025-08-01/P1M,208
E06000039,2025-09-01/P1M,256
E06000039,2025-10-01/P1M,264
E06000039,2025-11-01/P1M,238
E06000039,2025-12-01/P1M,227
E06000039,2026-01-01/P1M,244
E06000039,2026-02-01/P1M,237
E06000039,2026-03-01/P1M,224
E06000066,2025-04-01/P1M,3550
E06000066,2025-05-01/P1M,3498
E06000066,2025-06-01/P1M,3404
E06000066,2025-07-01/P1M,3405
E06000066,2025-08-01/P1M,2925
E06000066,2025-09-01/P1M,2882
E06000066,2025-10-01/P1M,3679
E06000066,2025-11-01/P1M,2113
E06000066,2025-12-01/P1M,2378
E06000066,2026-01-01/P1M,2980
E06000066,2026-02-01/P1M,2320
E06000066,2026-03-01/P1M,2902
E06000025,2025-04-01/P1Y,0
E08000023,2025-04-01/P1M,7653
E08000023,2025-05-01/P1M,7445
E08000023,2025-06-01/P1M,7416
E08000023,2025-07-01/P1M,6817
E08000023,2025-08-01/P1M,6317
E08000023,2025-09-01/P1M,6534
E08000023,2025-10-01/P1M,7531
E08000023,2025-11-01/P1M,6603
E08000023,2025-12-01/P1M,4930
E08000023,2026-01-01/P1M,6596
E08000023,2026-02-01/P1M,6997
E08000023,2026-03-01/P1M,7093
E06000033,2025-04-01/P1M,5000
E06000033,2025-05-01/P1M,5796
E06000033,2025-06-01/P1M,5000
E06000033,2025-07-01/P1M,4883
E06000033,2025-08-01/P1M,5000
E06000033,2025-09-01/P1M,5133
E06000033,2025-10-01/P1M,5685
E06000033,2025-11-01/P1M,5685
E06000033,2025-12-01/P1M,5563
E06000033,2026-01-01/P1M,4742
E06000033,2026-02-01/P1M,5308
E06000033,2026-03-01/P1M,6368
E09000028,2025-04-01/P1M,63064
E09000028,2025-05-01/P1M,65690
E09000028,2025-06-01/P1M,55290
E09000028,2025-07-01/P1M,46075
E09000028,2025-08-01/P1M,44508
E09000028,2025-09-01/P1M,51039
E09000028,2025-10-01/P1M,58416
E09000028,2025-11-01/P1M,42650
E09000028,2025-12-01/P1M,42650
E09000028,2026-01-01/P1M,54654
E09000028,2026-02-01/P1M,51021
E09000028,2026-03-01/P1M,82484
E08000013,2025-04-01/P1Y,0
E10000028,2025-04-01/P1Y,0
E06000004,2025-04-01/P1Y,0
E06000021,2025-04-01/P1M,2373
E06000021,2025-05-01/P1M,2073
E06000021,2025-06-01/P1M,2356
E06000021,2025-07-01/P1M,2625
E06000021,2025-08-01/P1M,2448
E06000021,2025-09-01/P1M,2504
E06000021,2025-10-01/P1M,2797
E06000021,2025-11-01/P1M,2385
E06000021,2025-12-01/P1M,1767
E06000021,2026-01-01/P1M,2659
E06000021,2026-02-01/P1M,2556
E06000021,2026-03-01/P1M,2544
E10000030,2025-04-01/P1Y,0
E09000029,2025-04-01/P1Y,0
E08000008,2025-04-01/P1Y,0
E06000020,2025-04-01/P1Y,0
E06000034,2025-04-01/P1Y,0
E06000027,2025-04-01/P1M,2328
E06000027,2025-05-01/P1M,2176
E06000027,2025-06-01/P1M,2135
E06000027,2025-07-01/P1M,2089
E06000027,2025-08-01/P1M,1860
E06000027,2025-09-01/P1M,1657
E06000027,2025-10-01/P1M,0
E06000027,2025-11-01/P1M,1673
E06000027,2025-12-01/P1M,1872
E06000027,2026-01-01/P1M,2192
E06000027,2026-02-01/P1M,2324
E06000027,2026-03-01/P1M,2601
E08000036,2025-04-01/P1Y,0
E09000031,2025-04-01/P1Y,0
E09000032,2025-04-01/P1M,12551
E09000032,2025-05-01/P1M,24078
E09000032,2025-06-01/P1M,12216
E09000032,2025-07-01/P1M,8375
E09000032,2025-08-01/P1M,8253
E09000032,2025-09-01/P1M,11060
E09000032,2025-10-01/P1M,12481
E09000032,2025-11-01/P1M,10702
E09000032,2025-12-01/P1M,9004
E09000032,2026-01-01/P1M,11054
E09000032,2026-02-01/P1M,10370
E09000032,2026-03-01/P1M,14252
E06000007,2025-04-01/P1Y,0
E10000031,2025-04-01/P1M,47898
E10000031,2025-05-01/P1M,86625
E10000031,2025-06-01/P1M,82701
E10000031,2025-07-01/P1M,84407
E10000031,2025-08-01/P1M,74628
E10000031,2025-09-01/P1M,101696
E10000031,2025-10-01/P1M,103374
E10000031,2025-11-01/P1M,99770
E10000031,2025-12-01/P1M,60989
E10000031,2026-01-01/P1M,45205
E10000031,2026-02-01/P1M,120805
E10000031,2026-03-01/P1M,123747
E06000037,2025-04-01/P1Y,0
E06000062,2025-04-01/P1M,0
E06000062,2025-05-01/P1M,0
E06000062,2025-06-01/P1M,0
E06000062,2025-07-01/P1M,0
E06000062,2025-08-01/P1M,0
E06000062,2025-09-01/P1M,0
E06000062,2025-10-01/P1M,16359
E06000062,2025-11-01/P1M,13118
E06000062,2025-12-01/P1M,12421
E06000062,2026-01-01/P1M,16052
E06000062,2026-02-01/P1M,16110
E06000062,2026-03-01/P1M,18756
E10000032,2025-04-01/P1Y,0
E09000033,2025-04-01/P1Y,0
E06000064,2025-04-01/P1M,17001
E06000064,2025-05-01/P1M,15581
E06000064,2025-06-01/P1M,15456
E06000064,2025-07-01/P1M,16059
E06000064,2025-08-01/P1M,15274
E06000064,2025-09-01/P1M,14686
E06000064,2025-10-01/P1M,15627
E06000064,2025-11-01/P1M,16391
E06000064,2025-12-01/P1M,14982
E06000064,2026-01-01/P1M,16601
E06000064,2026-02-01/P1M,16335
E06000064,2026-03-01/P1M,18412
E08000010,2025-04-01/P1M,4690
E08000010,2025-05-01/P1M,4371
E08000010,2025-06-01/P1M,4589
E08000010,2025-07-01/P1M,5102
E08000010,2025-08-01/P1M,13119
E08000010,2025-09-01/P1M,8097
E08000010,2025-10-01/P1M,5472
E08000010,2025-11-01/P1M,4495
E08000010,2025-12-01/P1M,3432
E08000010,2026-01-01/P1M,4476
E08000010,2026-02-01/P1M,4547
E08000010,2026-03-01/P1M,4841
E06000054,2025-04-01/P1Y,0
E06000040,2025-04-01/P1Y,0
E08000015,2025-04-01/P1M,5190
E08000015,2025-05-01/P1M,5197
E08000015,2025-06-01/P1M,5000
E08000015,2025-07-01/P1M,5376
E08000015,2025-08-01/P1M,4971
E08000015,2025-09-01/P1M,5269
E08000015,2025-10-01/P1M,5432
E08000015,2025-11-01/P1M,5035
E08000015,2025-12-01/P1M,4574
E08000015,2026-01-01/P1M,5186
E08000015,2026-02-01/P1M,5561
E08000015,2026-03-01/P1M,6193
E10000034,2025-04-01/P1Y,0
E06000014,2025-04-01/P1Y,0
E09000006,2025-04-01/P1M,11831
E09000006,2025-05-01/P1M,4139
E09000006,2025-06-01/P1M,9125
E09000006,2025-07-01/P1M,7386
E09000006,2025-08-01/P1M,8038
E09000006,2025-09-01/P1M,8822
E09000006,2025-10-01/P1M,10125
E09000006,2025-11-01/P1M,8414
E09000006,2025-12-01/P1M,7874
E09000006,2026-01-01/P1M,9679
E09000006,2026-02-01/P1M,8776
E09000006,2026-03-01/P1M,12542
E06000022,2025-04-01/P1Y,0
